--------------------------------------------------------
--  File created - Sunday-November-03-2019   
--------------------------------------------------------
--------------------------------------------------------
--  DDL for Table ARTIKLI
--------------------------------------------------------

  CREATE TABLE "ZOE"."ARTIKLI" 
   (	"SIFRA_ARTIKLA" NUMBER(12,0), 
	"NAZIV" VARCHAR2(15 BYTE), 
	"CENA" NUMBER(10,0), 
	"JEDINICA_MERE" VARCHAR2(8 BYTE), 
	"ROK_TRAJANJA" DATE
   ) SEGMENT CREATION IMMEDIATE 
  PCTFREE 10 PCTUSED 40 INITRANS 1 MAXTRANS 255 
 NOCOMPRESS LOGGING
  STORAGE(INITIAL 65536 NEXT 1048576 MINEXTENTS 1 MAXEXTENTS 2147483645
  PCTINCREASE 0 FREELISTS 1 FREELIST GROUPS 1
  BUFFER_POOL DEFAULT FLASH_CACHE DEFAULT CELL_FLASH_CACHE DEFAULT)
  TABLESPACE "USERS" ;
--------------------------------------------------------
--  DDL for Table AUTH_GROUP
--------------------------------------------------------

  CREATE TABLE "ZOE"."AUTH_GROUP" 
   (	"ID" NUMBER(11,0) GENERATED BY DEFAULT ON NULL AS IDENTITY MINVALUE 1 MAXVALUE 9999999999999999999999999999 INCREMENT BY 1 START WITH 1 CACHE 20 NOORDER  NOCYCLE  NOKEEP  NOSCALE , 
	"NAME" NVARCHAR2(150)
   ) SEGMENT CREATION DEFERRED 
  PCTFREE 10 PCTUSED 40 INITRANS 1 MAXTRANS 255 
 NOCOMPRESS LOGGING
  TABLESPACE "USERS" ;
--------------------------------------------------------
--  DDL for Table AUTH_GROUP_PERMISSIONS
--------------------------------------------------------

  CREATE TABLE "ZOE"."AUTH_GROUP_PERMISSIONS" 
   (	"ID" NUMBER(11,0) GENERATED BY DEFAULT ON NULL AS IDENTITY MINVALUE 1 MAXVALUE 9999999999999999999999999999 INCREMENT BY 1 START WITH 1 CACHE 20 NOORDER  NOCYCLE  NOKEEP  NOSCALE , 
	"GROUP_ID" NUMBER(11,0), 
	"PERMISSION_ID" NUMBER(11,0)
   ) SEGMENT CREATION DEFERRED 
  PCTFREE 10 PCTUSED 40 INITRANS 1 MAXTRANS 255 
 NOCOMPRESS LOGGING
  TABLESPACE "USERS" ;
--------------------------------------------------------
--  DDL for Table AUTH_PERMISSION
--------------------------------------------------------

  CREATE TABLE "ZOE"."AUTH_PERMISSION" 
   (	"ID" NUMBER(11,0) GENERATED BY DEFAULT ON NULL AS IDENTITY MINVALUE 1 MAXVALUE 9999999999999999999999999999 INCREMENT BY 1 START WITH 1 CACHE 20 NOORDER  NOCYCLE  NOKEEP  NOSCALE , 
	"NAME" NVARCHAR2(255), 
	"CONTENT_TYPE_ID" NUMBER(11,0), 
	"CODENAME" NVARCHAR2(100)
   ) SEGMENT CREATION IMMEDIATE 
  PCTFREE 10 PCTUSED 40 INITRANS 1 MAXTRANS 255 
 NOCOMPRESS LOGGING
  STORAGE(INITIAL 65536 NEXT 1048576 MINEXTENTS 1 MAXEXTENTS 2147483645
  PCTINCREASE 0 FREELISTS 1 FREELIST GROUPS 1
  BUFFER_POOL DEFAULT FLASH_CACHE DEFAULT CELL_FLASH_CACHE DEFAULT)
  TABLESPACE "USERS" ;
--------------------------------------------------------
--  DDL for Table AUTH_USER
--------------------------------------------------------

  CREATE TABLE "ZOE"."AUTH_USER" 
   (	"ID" NUMBER(11,0) GENERATED BY DEFAULT ON NULL AS IDENTITY MINVALUE 1 MAXVALUE 9999999999999999999999999999 INCREMENT BY 1 START WITH 1 CACHE 20 NOORDER  NOCYCLE  NOKEEP  NOSCALE , 
	"PASSWORD" NVARCHAR2(128), 
	"LAST_LOGIN" TIMESTAMP (6), 
	"IS_SUPERUSER" NUMBER(1,0), 
	"USERNAME" NVARCHAR2(150), 
	"FIRST_NAME" NVARCHAR2(30), 
	"LAST_NAME" NVARCHAR2(150), 
	"EMAIL" NVARCHAR2(254), 
	"IS_STAFF" NUMBER(1,0), 
	"IS_ACTIVE" NUMBER(1,0), 
	"DATE_JOINED" TIMESTAMP (6)
   ) SEGMENT CREATION IMMEDIATE 
  PCTFREE 10 PCTUSED 40 INITRANS 1 MAXTRANS 255 
 NOCOMPRESS LOGGING
  STORAGE(INITIAL 65536 NEXT 1048576 MINEXTENTS 1 MAXEXTENTS 2147483645
  PCTINCREASE 0 FREELISTS 1 FREELIST GROUPS 1
  BUFFER_POOL DEFAULT FLASH_CACHE DEFAULT CELL_FLASH_CACHE DEFAULT)
  TABLESPACE "USERS" ;
--------------------------------------------------------
--  DDL for Table AUTH_USER_GROUPS
--------------------------------------------------------

  CREATE TABLE "ZOE"."AUTH_USER_GROUPS" 
   (	"ID" NUMBER(11,0) GENERATED BY DEFAULT ON NULL AS IDENTITY MINVALUE 1 MAXVALUE 9999999999999999999999999999 INCREMENT BY 1 START WITH 1 CACHE 20 NOORDER  NOCYCLE  NOKEEP  NOSCALE , 
	"USER_ID" NUMBER(11,0), 
	"GROUP_ID" NUMBER(11,0)
   ) SEGMENT CREATION DEFERRED 
  PCTFREE 10 PCTUSED 40 INITRANS 1 MAXTRANS 255 
 NOCOMPRESS LOGGING
  TABLESPACE "USERS" ;
--------------------------------------------------------
--  DDL for Table AUTH_USER_USER_PERMISSIONS
--------------------------------------------------------

  CREATE TABLE "ZOE"."AUTH_USER_USER_PERMISSIONS" 
   (	"ID" NUMBER(11,0) GENERATED BY DEFAULT ON NULL AS IDENTITY MINVALUE 1 MAXVALUE 9999999999999999999999999999 INCREMENT BY 1 START WITH 1 CACHE 20 NOORDER  NOCYCLE  NOKEEP  NOSCALE , 
	"USER_ID" NUMBER(11,0), 
	"PERMISSION_ID" NUMBER(11,0)
   ) SEGMENT CREATION DEFERRED 
  PCTFREE 10 PCTUSED 40 INITRANS 1 MAXTRANS 255 
 NOCOMPRESS LOGGING
  TABLESPACE "USERS" ;
--------------------------------------------------------
--  DDL for Table DJANGO_ADMIN_LOG
--------------------------------------------------------

  CREATE TABLE "ZOE"."DJANGO_ADMIN_LOG" 
   (	"ID" NUMBER(11,0) GENERATED BY DEFAULT ON NULL AS IDENTITY MINVALUE 1 MAXVALUE 9999999999999999999999999999 INCREMENT BY 1 START WITH 1 CACHE 20 NOORDER  NOCYCLE  NOKEEP  NOSCALE , 
	"ACTION_TIME" TIMESTAMP (6), 
	"OBJECT_ID" NCLOB, 
	"OBJECT_REPR" NVARCHAR2(200), 
	"ACTION_FLAG" NUMBER(11,0), 
	"CHANGE_MESSAGE" NCLOB, 
	"CONTENT_TYPE_ID" NUMBER(11,0), 
	"USER_ID" NUMBER(11,0)
   ) SEGMENT CREATION IMMEDIATE 
  PCTFREE 10 PCTUSED 40 INITRANS 1 MAXTRANS 255 
 NOCOMPRESS LOGGING
  STORAGE(INITIAL 65536 NEXT 1048576 MINEXTENTS 1 MAXEXTENTS 2147483645
  PCTINCREASE 0 FREELISTS 1 FREELIST GROUPS 1
  BUFFER_POOL DEFAULT FLASH_CACHE DEFAULT CELL_FLASH_CACHE DEFAULT)
  TABLESPACE "USERS" 
 LOB ("OBJECT_ID") STORE AS SECUREFILE (
  TABLESPACE "USERS" ENABLE STORAGE IN ROW CHUNK 8192
  NOCACHE LOGGING  NOCOMPRESS  KEEP_DUPLICATES 
  STORAGE(INITIAL 106496 NEXT 1048576 MINEXTENTS 1 MAXEXTENTS 2147483645
  PCTINCREASE 0
  BUFFER_POOL DEFAULT FLASH_CACHE DEFAULT CELL_FLASH_CACHE DEFAULT)) 
 LOB ("CHANGE_MESSAGE") STORE AS SECUREFILE (
  TABLESPACE "USERS" ENABLE STORAGE IN ROW CHUNK 8192
  NOCACHE LOGGING  NOCOMPRESS  KEEP_DUPLICATES 
  STORAGE(INITIAL 106496 NEXT 1048576 MINEXTENTS 1 MAXEXTENTS 2147483645
  PCTINCREASE 0
  BUFFER_POOL DEFAULT FLASH_CACHE DEFAULT CELL_FLASH_CACHE DEFAULT)) ;
--------------------------------------------------------
--  DDL for Table DJANGO_CONTENT_TYPE
--------------------------------------------------------

  CREATE TABLE "ZOE"."DJANGO_CONTENT_TYPE" 
   (	"ID" NUMBER(11,0) GENERATED BY DEFAULT ON NULL AS IDENTITY MINVALUE 1 MAXVALUE 9999999999999999999999999999 INCREMENT BY 1 START WITH 1 CACHE 20 NOORDER  NOCYCLE  NOKEEP  NOSCALE , 
	"APP_LABEL" NVARCHAR2(100), 
	"MODEL" NVARCHAR2(100)
   ) SEGMENT CREATION IMMEDIATE 
  PCTFREE 10 PCTUSED 40 INITRANS 1 MAXTRANS 255 
 NOCOMPRESS LOGGING
  STORAGE(INITIAL 65536 NEXT 1048576 MINEXTENTS 1 MAXEXTENTS 2147483645
  PCTINCREASE 0 FREELISTS 1 FREELIST GROUPS 1
  BUFFER_POOL DEFAULT FLASH_CACHE DEFAULT CELL_FLASH_CACHE DEFAULT)
  TABLESPACE "USERS" ;
--------------------------------------------------------
--  DDL for Table DJANGO_MIGRATIONS
--------------------------------------------------------

  CREATE TABLE "ZOE"."DJANGO_MIGRATIONS" 
   (	"ID" NUMBER(11,0) GENERATED BY DEFAULT ON NULL AS IDENTITY MINVALUE 1 MAXVALUE 9999999999999999999999999999 INCREMENT BY 1 START WITH 1 CACHE 20 NOORDER  NOCYCLE  NOKEEP  NOSCALE , 
	"APP" NVARCHAR2(255), 
	"NAME" NVARCHAR2(255), 
	"APPLIED" TIMESTAMP (6)
   ) SEGMENT CREATION IMMEDIATE 
  PCTFREE 10 PCTUSED 40 INITRANS 1 MAXTRANS 255 
 NOCOMPRESS LOGGING
  STORAGE(INITIAL 65536 NEXT 1048576 MINEXTENTS 1 MAXEXTENTS 2147483645
  PCTINCREASE 0 FREELISTS 1 FREELIST GROUPS 1
  BUFFER_POOL DEFAULT FLASH_CACHE DEFAULT CELL_FLASH_CACHE DEFAULT)
  TABLESPACE "USERS" ;
--------------------------------------------------------
--  DDL for Table DJANGO_SESSION
--------------------------------------------------------

  CREATE TABLE "ZOE"."DJANGO_SESSION" 
   (	"SESSION_KEY" NVARCHAR2(40), 
	"SESSION_DATA" NCLOB, 
	"EXPIRE_DATE" TIMESTAMP (6)
   ) SEGMENT CREATION IMMEDIATE 
  PCTFREE 10 PCTUSED 40 INITRANS 1 MAXTRANS 255 
 NOCOMPRESS LOGGING
  STORAGE(INITIAL 65536 NEXT 1048576 MINEXTENTS 1 MAXEXTENTS 2147483645
  PCTINCREASE 0 FREELISTS 1 FREELIST GROUPS 1
  BUFFER_POOL DEFAULT FLASH_CACHE DEFAULT CELL_FLASH_CACHE DEFAULT)
  TABLESPACE "USERS" 
 LOB ("SESSION_DATA") STORE AS SECUREFILE (
  TABLESPACE "USERS" ENABLE STORAGE IN ROW CHUNK 8192
  NOCACHE LOGGING  NOCOMPRESS  KEEP_DUPLICATES 
  STORAGE(INITIAL 106496 NEXT 1048576 MINEXTENTS 1 MAXEXTENTS 2147483645
  PCTINCREASE 0
  BUFFER_POOL DEFAULT FLASH_CACHE DEFAULT CELL_FLASH_CACHE DEFAULT)) ;
--------------------------------------------------------
--  DDL for Table DOBAVLJACI
--------------------------------------------------------

  CREATE TABLE "ZOE"."DOBAVLJACI" 
   (	"SIFRA_DOBAVLJACA" NUMBER(10,0), 
	"NAZIV" VARCHAR2(20 BYTE)
   ) SEGMENT CREATION IMMEDIATE 
  PCTFREE 10 PCTUSED 40 INITRANS 1 MAXTRANS 255 
 NOCOMPRESS LOGGING
  STORAGE(INITIAL 65536 NEXT 1048576 MINEXTENTS 1 MAXEXTENTS 2147483645
  PCTINCREASE 0 FREELISTS 1 FREELIST GROUPS 1
  BUFFER_POOL DEFAULT FLASH_CACHE DEFAULT CELL_FLASH_CACHE DEFAULT)
  TABLESPACE "USERS" ;
--------------------------------------------------------
--  DDL for Table EVIDENCIJE_PRIJEMA
--------------------------------------------------------

  CREATE TABLE "ZOE"."EVIDENCIJE_PRIJEMA" 
   (	"KOLICINA" NUMBER(6,0), 
	"BROJ_KALKULACIJA" NUMBER(4,0), 
	"SIFRA_ARTIKLA" NUMBER(12,0), 
	"PIB" NUMBER(10,0), 
	"SIFRA_OTPREMNICE" NUMBER(12,0), 
	"NAZIV_OBJEKTA" VARCHAR2(20 BYTE), 
	"PK_EVIDENCIJE_PRIJEMA" NUMBER
   ) SEGMENT CREATION IMMEDIATE 
  PCTFREE 10 PCTUSED 40 INITRANS 1 MAXTRANS 255 
 NOCOMPRESS LOGGING
  STORAGE(INITIAL 65536 NEXT 1048576 MINEXTENTS 1 MAXEXTENTS 2147483645
  PCTINCREASE 0 FREELISTS 1 FREELIST GROUPS 1
  BUFFER_POOL DEFAULT FLASH_CACHE DEFAULT CELL_FLASH_CACHE DEFAULT)
  TABLESPACE "USERS" ;
--------------------------------------------------------
--  DDL for Table KUPCI
--------------------------------------------------------

  CREATE TABLE "ZOE"."KUPCI" 
   (	"JMBG" NUMBER(13,0), 
	"IME" VARCHAR2(15 BYTE), 
	"PREZIME" VARCHAR2(20 BYTE), 
	"KARTICA" NUMBER(16,0)
   ) SEGMENT CREATION IMMEDIATE 
  PCTFREE 10 PCTUSED 40 INITRANS 1 MAXTRANS 255 
 NOCOMPRESS LOGGING
  STORAGE(INITIAL 65536 NEXT 1048576 MINEXTENTS 1 MAXEXTENTS 2147483645
  PCTINCREASE 0 FREELISTS 1 FREELIST GROUPS 1
  BUFFER_POOL DEFAULT FLASH_CACHE DEFAULT CELL_FLASH_CACHE DEFAULT)
  TABLESPACE "USERS" ;
--------------------------------------------------------
--  DDL for Table OBJEKTI
--------------------------------------------------------

  CREATE TABLE "ZOE"."OBJEKTI" 
   (	"PIB" NUMBER(10,0), 
	"NAZIV" VARCHAR2(20 BYTE), 
	"ADRESA" VARCHAR2(40 BYTE), 
	"GRAD" VARCHAR2(15 BYTE), 
	"BROJ_TELEFONA" NUMBER(10,0)
   ) SEGMENT CREATION IMMEDIATE 
  PCTFREE 10 PCTUSED 40 INITRANS 1 MAXTRANS 255 
 NOCOMPRESS LOGGING
  STORAGE(INITIAL 65536 NEXT 1048576 MINEXTENTS 1 MAXEXTENTS 2147483645
  PCTINCREASE 0 FREELISTS 1 FREELIST GROUPS 1
  BUFFER_POOL DEFAULT FLASH_CACHE DEFAULT CELL_FLASH_CACHE DEFAULT)
  TABLESPACE "USERS" ;
--------------------------------------------------------
--  DDL for Table OTPREMNICE
--------------------------------------------------------

  CREATE TABLE "ZOE"."OTPREMNICE" 
   (	"SIFRA_OTPREMNICE" NUMBER(12,0), 
	"DATUM_OTPREME" DATE, 
	"SIFRA_DOBAVLJACA" NUMBER(10,0)
   ) SEGMENT CREATION IMMEDIATE 
  PCTFREE 10 PCTUSED 40 INITRANS 1 MAXTRANS 255 
 NOCOMPRESS LOGGING
  STORAGE(INITIAL 65536 NEXT 1048576 MINEXTENTS 1 MAXEXTENTS 2147483645
  PCTINCREASE 0 FREELISTS 1 FREELIST GROUPS 1
  BUFFER_POOL DEFAULT FLASH_CACHE DEFAULT CELL_FLASH_CACHE DEFAULT)
  TABLESPACE "USERS" ;
--------------------------------------------------------
--  DDL for Table RACUNI
--------------------------------------------------------

  CREATE TABLE "ZOE"."RACUNI" 
   (	"RACUNID" NUMBER(10,0), 
	"DATUM" DATE, 
	"VREME" VARCHAR2(8 BYTE), 
	"JMBG" NUMBER(13,0), 
	"KARTICA" NUMBER(16,0), 
	"UKUPNO" NUMBER(10,0)
   ) SEGMENT CREATION IMMEDIATE 
  PCTFREE 10 PCTUSED 40 INITRANS 1 MAXTRANS 255 
 NOCOMPRESS LOGGING
  STORAGE(INITIAL 65536 NEXT 1048576 MINEXTENTS 1 MAXEXTENTS 2147483645
  PCTINCREASE 0 FREELISTS 1 FREELIST GROUPS 1
  BUFFER_POOL DEFAULT FLASH_CACHE DEFAULT CELL_FLASH_CACHE DEFAULT)
  TABLESPACE "USERS" ;
--------------------------------------------------------
--  DDL for Table STAVKE_RACUNA
--------------------------------------------------------

  CREATE TABLE "ZOE"."STAVKE_RACUNA" 
   (	"KOLICINA" NUMBER(6,0), 
	"SIFRA_ARTIKLA" NUMBER(12,0), 
	"RACUNID" NUMBER(10,0), 
	"PK_STAVKE_RACUNA" NUMBER
   ) SEGMENT CREATION IMMEDIATE 
  PCTFREE 10 PCTUSED 40 INITRANS 1 MAXTRANS 255 
 NOCOMPRESS LOGGING
  STORAGE(INITIAL 65536 NEXT 1048576 MINEXTENTS 1 MAXEXTENTS 2147483645
  PCTINCREASE 0 FREELISTS 1 FREELIST GROUPS 1
  BUFFER_POOL DEFAULT FLASH_CACHE DEFAULT CELL_FLASH_CACHE DEFAULT)
  TABLESPACE "USERS" ;
--------------------------------------------------------
--  DDL for Sequence EVIDENCIJE_PRIJEMA_SEQ
--------------------------------------------------------

   CREATE SEQUENCE  "ZOE"."EVIDENCIJE_PRIJEMA_SEQ"  MINVALUE 1 MAXVALUE 9999999999999999999999999999 INCREMENT BY 1 START WITH 21 CACHE 20 NOORDER  NOCYCLE  NOKEEP  NOSCALE  GLOBAL ;
--------------------------------------------------------
--  DDL for Sequence EVIDENCIJE_PRIJEMA_SEQ1
--------------------------------------------------------

   CREATE SEQUENCE  "ZOE"."EVIDENCIJE_PRIJEMA_SEQ1"  MINVALUE 1 MAXVALUE 9999999999999999999999999999 INCREMENT BY 1 START WITH 81 CACHE 20 NOORDER  NOCYCLE  NOKEEP  NOSCALE  GLOBAL ;
--------------------------------------------------------
--  DDL for Sequence STAVKE_RACUNA_SEQ
--------------------------------------------------------

   CREATE SEQUENCE  "ZOE"."STAVKE_RACUNA_SEQ"  MINVALUE 1 MAXVALUE 9999999999999999999999999999 INCREMENT BY 1 START WITH 121 CACHE 20 NOORDER  NOCYCLE  NOKEEP  NOSCALE  GLOBAL ;
REM INSERTING into ZOE.ARTIKLI
SET DEFINE OFF;
Insert into ZOE.ARTIKLI (SIFRA_ARTIKLA,NAZIV,CENA,JEDINICA_MERE,ROK_TRAJANJA) values (222222222221,'Nutelina123',294,'gram',to_date('10-OCT-20','DD-MON-RR'));
Insert into ZOE.ARTIKLI (SIFRA_ARTIKLA,NAZIV,CENA,JEDINICA_MERE,ROK_TRAJANJA) values (222222222222,'Eurokrem',294,'gram',to_date('10-OCT-19','DD-MON-RR'));
Insert into ZOE.ARTIKLI (SIFRA_ARTIKLA,NAZIV,CENA,JEDINICA_MERE,ROK_TRAJANJA) values (222222222223,'Fanta',120,'litar',to_date('10-OCT-19','DD-MON-RR'));
Insert into ZOE.ARTIKLI (SIFRA_ARTIKLA,NAZIV,CENA,JEDINICA_MERE,ROK_TRAJANJA) values (222222222224,'Koka Kola',120,'litar',to_date('10-OCT-18','DD-MON-RR'));
Insert into ZOE.ARTIKLI (SIFRA_ARTIKLA,NAZIV,CENA,JEDINICA_MERE,ROK_TRAJANJA) values (222222222225,'Salama',85,'gram',to_date('31-DEC-18','DD-MON-RR'));
Insert into ZOE.ARTIKLI (SIFRA_ARTIKLA,NAZIV,CENA,JEDINICA_MERE,ROK_TRAJANJA) values (222222222226,'Hleb',40,'komad',to_date('31-DEC-18','DD-MON-RR'));
Insert into ZOE.ARTIKLI (SIFRA_ARTIKLA,NAZIV,CENA,JEDINICA_MERE,ROK_TRAJANJA) values (222222222227,'Sir',60,'gram',to_date('02-OCT-19','DD-MON-RR'));
Insert into ZOE.ARTIKLI (SIFRA_ARTIKLA,NAZIV,CENA,JEDINICA_MERE,ROK_TRAJANJA) values (222222222228,'Orbit',55,'komad',to_date('10-OCT-19','DD-MON-RR'));
Insert into ZOE.ARTIKLI (SIFRA_ARTIKLA,NAZIV,CENA,JEDINICA_MERE,ROK_TRAJANJA) values (222222222229,'Kifla',20,'komad',to_date('01-OCT-19','DD-MON-RR'));
Insert into ZOE.ARTIKLI (SIFRA_ARTIKLA,NAZIV,CENA,JEDINICA_MERE,ROK_TRAJANJA) values (222222222210,'Jabuka',27,'gram',to_date('03-NOV-19','DD-MON-RR'));
Insert into ZOE.ARTIKLI (SIFRA_ARTIKLA,NAZIV,CENA,JEDINICA_MERE,ROK_TRAJANJA) values (222222222204,'Voda Voda',45,'Komad',to_date('05-SEP-19','DD-MON-RR'));
REM INSERTING into ZOE.AUTH_GROUP
SET DEFINE OFF;
REM INSERTING into ZOE.AUTH_GROUP_PERMISSIONS
SET DEFINE OFF;
REM INSERTING into ZOE.AUTH_PERMISSION
SET DEFINE OFF;
Insert into ZOE.AUTH_PERMISSION (ID,NAME,CONTENT_TYPE_ID,CODENAME) values (41,'Can add choice',21,'add_choice');
Insert into ZOE.AUTH_PERMISSION (ID,NAME,CONTENT_TYPE_ID,CODENAME) values (42,'Can change choice',21,'change_choice');
Insert into ZOE.AUTH_PERMISSION (ID,NAME,CONTENT_TYPE_ID,CODENAME) values (43,'Can delete choice',21,'delete_choice');
Insert into ZOE.AUTH_PERMISSION (ID,NAME,CONTENT_TYPE_ID,CODENAME) values (44,'Can view choice',21,'view_choice');
Insert into ZOE.AUTH_PERMISSION (ID,NAME,CONTENT_TYPE_ID,CODENAME) values (45,'Can add question',22,'add_question');
Insert into ZOE.AUTH_PERMISSION (ID,NAME,CONTENT_TYPE_ID,CODENAME) values (46,'Can change question',22,'change_question');
Insert into ZOE.AUTH_PERMISSION (ID,NAME,CONTENT_TYPE_ID,CODENAME) values (47,'Can delete question',22,'delete_question');
Insert into ZOE.AUTH_PERMISSION (ID,NAME,CONTENT_TYPE_ID,CODENAME) values (48,'Can view question',22,'view_question');
Insert into ZOE.AUTH_PERMISSION (ID,NAME,CONTENT_TYPE_ID,CODENAME) values (1,'Can add log entry',1,'add_logentry');
Insert into ZOE.AUTH_PERMISSION (ID,NAME,CONTENT_TYPE_ID,CODENAME) values (2,'Can change log entry',1,'change_logentry');
Insert into ZOE.AUTH_PERMISSION (ID,NAME,CONTENT_TYPE_ID,CODENAME) values (3,'Can delete log entry',1,'delete_logentry');
Insert into ZOE.AUTH_PERMISSION (ID,NAME,CONTENT_TYPE_ID,CODENAME) values (4,'Can view log entry',1,'view_logentry');
Insert into ZOE.AUTH_PERMISSION (ID,NAME,CONTENT_TYPE_ID,CODENAME) values (5,'Can add permission',2,'add_permission');
Insert into ZOE.AUTH_PERMISSION (ID,NAME,CONTENT_TYPE_ID,CODENAME) values (6,'Can change permission',2,'change_permission');
Insert into ZOE.AUTH_PERMISSION (ID,NAME,CONTENT_TYPE_ID,CODENAME) values (7,'Can delete permission',2,'delete_permission');
Insert into ZOE.AUTH_PERMISSION (ID,NAME,CONTENT_TYPE_ID,CODENAME) values (8,'Can view permission',2,'view_permission');
Insert into ZOE.AUTH_PERMISSION (ID,NAME,CONTENT_TYPE_ID,CODENAME) values (9,'Can add group',3,'add_group');
Insert into ZOE.AUTH_PERMISSION (ID,NAME,CONTENT_TYPE_ID,CODENAME) values (10,'Can change group',3,'change_group');
Insert into ZOE.AUTH_PERMISSION (ID,NAME,CONTENT_TYPE_ID,CODENAME) values (11,'Can delete group',3,'delete_group');
Insert into ZOE.AUTH_PERMISSION (ID,NAME,CONTENT_TYPE_ID,CODENAME) values (12,'Can view group',3,'view_group');
Insert into ZOE.AUTH_PERMISSION (ID,NAME,CONTENT_TYPE_ID,CODENAME) values (13,'Can add user',4,'add_user');
Insert into ZOE.AUTH_PERMISSION (ID,NAME,CONTENT_TYPE_ID,CODENAME) values (14,'Can change user',4,'change_user');
Insert into ZOE.AUTH_PERMISSION (ID,NAME,CONTENT_TYPE_ID,CODENAME) values (15,'Can delete user',4,'delete_user');
Insert into ZOE.AUTH_PERMISSION (ID,NAME,CONTENT_TYPE_ID,CODENAME) values (16,'Can view user',4,'view_user');
Insert into ZOE.AUTH_PERMISSION (ID,NAME,CONTENT_TYPE_ID,CODENAME) values (17,'Can add content type',5,'add_contenttype');
Insert into ZOE.AUTH_PERMISSION (ID,NAME,CONTENT_TYPE_ID,CODENAME) values (18,'Can change content type',5,'change_contenttype');
Insert into ZOE.AUTH_PERMISSION (ID,NAME,CONTENT_TYPE_ID,CODENAME) values (19,'Can delete content type',5,'delete_contenttype');
Insert into ZOE.AUTH_PERMISSION (ID,NAME,CONTENT_TYPE_ID,CODENAME) values (20,'Can view content type',5,'view_contenttype');
Insert into ZOE.AUTH_PERMISSION (ID,NAME,CONTENT_TYPE_ID,CODENAME) values (21,'Can add session',6,'add_session');
Insert into ZOE.AUTH_PERMISSION (ID,NAME,CONTENT_TYPE_ID,CODENAME) values (22,'Can change session',6,'change_session');
Insert into ZOE.AUTH_PERMISSION (ID,NAME,CONTENT_TYPE_ID,CODENAME) values (23,'Can delete session',6,'delete_session');
Insert into ZOE.AUTH_PERMISSION (ID,NAME,CONTENT_TYPE_ID,CODENAME) values (24,'Can view session',6,'view_session');
REM INSERTING into ZOE.AUTH_USER
SET DEFINE OFF;
Insert into ZOE.AUTH_USER (ID,PASSWORD,LAST_LOGIN,IS_SUPERUSER,USERNAME,FIRST_NAME,LAST_NAME,EMAIL,IS_STAFF,IS_ACTIVE,DATE_JOINED) values (1,'pbkdf2_sha256$150000$G6os3lvOY93t$R2aIMf9uohDAPqf2+2HrJ+33RqNWsRlMAoenKJPksNs=',to_timestamp('24-AUG-19 04.18.23.155000000 PM','DD-MON-RR HH.MI.SSXFF AM'),1,'zoe',null,null,'zorana.gavrilov1@gmail.com',1,1,to_timestamp('24-AUG-19 04.17.36.942000000 PM','DD-MON-RR HH.MI.SSXFF AM'));
Insert into ZOE.AUTH_USER (ID,PASSWORD,LAST_LOGIN,IS_SUPERUSER,USERNAME,FIRST_NAME,LAST_NAME,EMAIL,IS_STAFF,IS_ACTIVE,DATE_JOINED) values (21,'pbkdf2_sha256$150000$WXCojYiqSxLZ$ZWh+GHiT2EmBc27ztuHx5K4u5yEqqY6Z2DkiMIAGvcg=',to_timestamp('05-SEP-19 04.47.42.253465000 PM','DD-MON-RR HH.MI.SSXFF AM'),1,'zoeadmin',null,null,'zorana.gavrilov1@gmail.com',1,1,to_timestamp('05-SEP-19 04.46.43.647800000 PM','DD-MON-RR HH.MI.SSXFF AM'));
REM INSERTING into ZOE.AUTH_USER_GROUPS
SET DEFINE OFF;
REM INSERTING into ZOE.AUTH_USER_USER_PERMISSIONS
SET DEFINE OFF;
REM INSERTING into ZOE.DJANGO_ADMIN_LOG
SET DEFINE OFF;
Insert into ZOE.DJANGO_ADMIN_LOG (ID,ACTION_TIME,OBJECT_REPR,ACTION_FLAG,CONTENT_TYPE_ID,USER_ID) values (31,to_timestamp('05-SEP-19 08.00.01.199154000 PM','DD-MON-RR HH.MI.SSXFF AM'),'4, 32, 222222222225, Salama, 85, gram, 2018-12-31, 3333333339, Roda Kids, Njegoševa 14, Cacak, None, 555555555555, 2018-10-10, 4444444445, Pionir, W',1,64,21);
Insert into ZOE.DJANGO_ADMIN_LOG (ID,ACTION_TIME,OBJECT_REPR,ACTION_FLAG,CONTENT_TYPE_ID,USER_ID) values (1,to_timestamp('24-AUG-19 04.24.17.414000000 PM','DD-MON-RR HH.MI.SSXFF AM'),'What''s up?',2,22,1);
Insert into ZOE.DJANGO_ADMIN_LOG (ID,ACTION_TIME,OBJECT_REPR,ACTION_FLAG,CONTENT_TYPE_ID,USER_ID) values (22,to_timestamp('05-SEP-19 07.36.20.375514000 PM','DD-MON-RR HH.MI.SSXFF AM'),'13, 32, 222222222223, Fanta, 120, litar, 2019-10-10, 3333333336, Roda Merkator, Vojvode Stepe 14, Beograd, 35212244, 555555555557, 2018-10-10, 4444444447, ALFA-PLAM, W',1,64,21);
Insert into ZOE.DJANGO_ADMIN_LOG (ID,ACTION_TIME,OBJECT_REPR,ACTION_FLAG,CONTENT_TYPE_ID,USER_ID) values (23,to_timestamp('05-SEP-19 07.38.10.894948000 PM','DD-MON-RR HH.MI.SSXFF AM'),'122, 3, 222222222227, Sir, 60, gram, 2019-10-02, 3333333337, Roda, Makenzijeva 53, Beograd, 11245246, 555555555553, 2018-10-10, 4444444443, Nectar, W',1,64,21);
Insert into ZOE.DJANGO_ADMIN_LOG (ID,ACTION_TIME,OBJECT_REPR,ACTION_FLAG,CONTENT_TYPE_ID,USER_ID) values (24,to_timestamp('05-SEP-19 07.39.08.504421000 PM','DD-MON-RR HH.MI.SSXFF AM'),'23, 5, 222222222226, Hleb, 40, komad, 2018-12-31, 3333333332, Roda Megamarket, Maršala Tita 79, Beograd, None, 555555555510, 2018-10-10, 4444444410, MIK-KOMERC, W',1,64,21);
Insert into ZOE.DJANGO_ADMIN_LOG (ID,ACTION_TIME,OBJECT_REPR,ACTION_FLAG,CONTENT_TYPE_ID,USER_ID) values (26,to_timestamp('05-SEP-19 07.52.24.448838000 PM','DD-MON-RR HH.MI.SSXFF AM'),'35, 1222, 222222222222, Eurokrem, 294, gram, 2019-10-10, 3333333335, Roda Headquarters, Sarajevska 55, Beograd, None, 555555555552, 2018-10-10, 4444444442, Swisslion, W',1,64,21);
Insert into ZOE.DJANGO_ADMIN_LOG (ID,ACTION_TIME,OBJECT_REPR,ACTION_FLAG,CONTENT_TYPE_ID,USER_ID) values (27,to_timestamp('05-SEP-19 07.53.29.386474000 PM','DD-MON-RR HH.MI.SSXFF AM'),'342, 222222222227, Sir, 60, gram, 2019-10-02, 1111111113, 2018-10-10, 10:55:23, 808, 9999888899998888, 2006966552444, Marko, Nikolic, 9999888899998888',1,81,21);
Insert into ZOE.DJANGO_ADMIN_LOG (ID,ACTION_TIME,OBJECT_REPR,ACTION_FLAG,CONTENT_TYPE_ID,USER_ID) values (28,to_timestamp('05-SEP-19 07.56.57.372239000 PM','DD-MON-RR HH.MI.SSXFF AM'),'6, 222222222223, Fanta, 120, litar, 2019-10-10, 1111111114, 2018-10-10, 10:57:13, 6426, 9999888899998888, 2006966552444, Marko, Nikolic, 9999888899998888',2,81,21);
Insert into ZOE.DJANGO_ADMIN_LOG (ID,ACTION_TIME,OBJECT_REPR,ACTION_FLAG,CONTENT_TYPE_ID,USER_ID) values (29,to_timestamp('05-SEP-19 07.58.38.069419000 PM','DD-MON-RR HH.MI.SSXFF AM'),'7, 222222222227, Sir, 60, gram, 2019-10-02, 1111111112, 2018-10-10, 10:54:22, 3170, 8880999844436661, 1606966533444, Lola, Gavrilovic, 8880999844436661',3,81,21);
Insert into ZOE.DJANGO_ADMIN_LOG (ID,ACTION_TIME,OBJECT_REPR,ACTION_FLAG,CONTENT_TYPE_ID,USER_ID) values (32,to_timestamp('05-SEP-19 08.03.41.995299000 PM','DD-MON-RR HH.MI.SSXFF AM'),'1203991234512, Zoe, Gavrilovic, 3333222233330000',1,63,21);
Insert into ZOE.DJANGO_ADMIN_LOG (ID,ACTION_TIME,OBJECT_REPR,ACTION_FLAG,CONTENT_TYPE_ID,USER_ID) values (33,to_timestamp('05-SEP-19 08.04.45.275175000 PM','DD-MON-RR HH.MI.SSXFF AM'),'1111111102, 2019-09-05, 12:32, 1, 1, 1203991234512, Zoe, Gavrilovic, 3333222233330000',1,101,21);
Insert into ZOE.DJANGO_ADMIN_LOG (ID,ACTION_TIME,OBJECT_REPR,ACTION_FLAG,CONTENT_TYPE_ID,USER_ID) values (36,to_timestamp('05-SEP-19 08.13.11.140697000 PM','DD-MON-RR HH.MI.SSXFF AM'),'4444444404, Henkel',1,62,21);
Insert into ZOE.DJANGO_ADMIN_LOG (ID,ACTION_TIME,OBJECT_REPR,ACTION_FLAG,CONTENT_TYPE_ID,USER_ID) values (21,to_timestamp('05-SEP-19 07.29.07.012170000 PM','DD-MON-RR HH.MI.SSXFF AM'),'3333333339, Roda Kid, Njegoševa 14, Cacak, None',2,82,21);
Insert into ZOE.DJANGO_ADMIN_LOG (ID,ACTION_TIME,OBJECT_REPR,ACTION_FLAG,CONTENT_TYPE_ID,USER_ID) values (25,to_timestamp('05-SEP-19 07.51.08.168500000 PM','DD-MON-RR HH.MI.SSXFF AM'),'3, 32, 222222222227, Sir, 60, gram, 2019-10-02, 3333333337, Roda, Makenzijeva 53, Beograd, 11245246, 555555555553, 2018-10-10, 4444444443, Nectar, W',1,64,21);
Insert into ZOE.DJANGO_ADMIN_LOG (ID,ACTION_TIME,OBJECT_REPR,ACTION_FLAG,CONTENT_TYPE_ID,USER_ID) values (30,to_timestamp('05-SEP-19 07.59.19.172259000 PM','DD-MON-RR HH.MI.SSXFF AM'),'3333333339, Roda Kids, Njegoševa 14, Cacak, None',2,82,21);
Insert into ZOE.DJANGO_ADMIN_LOG (ID,ACTION_TIME,OBJECT_REPR,ACTION_FLAG,CONTENT_TYPE_ID,USER_ID) values (34,to_timestamp('05-SEP-19 08.10.55.246796000 PM','DD-MON-RR HH.MI.SSXFF AM'),'1111111116, 2018-10-10, 11:11:16, 345, 2222333344445555, 2806966554444, Mona, Liza, 2222333344445555',2,101,21);
Insert into ZOE.DJANGO_ADMIN_LOG (ID,ACTION_TIME,OBJECT_REPR,ACTION_FLAG,CONTENT_TYPE_ID,USER_ID) values (35,to_timestamp('05-SEP-19 08.11.29.523257000 PM','DD-MON-RR HH.MI.SSXFF AM'),'222222222204, Voda Voda, 45, Komad, 2019-09-05',1,61,21);
Insert into ZOE.DJANGO_ADMIN_LOG (ID,ACTION_TIME,OBJECT_REPR,ACTION_FLAG,CONTENT_TYPE_ID,USER_ID) values (37,to_timestamp('05-SEP-19 08.14.20.439569000 PM','DD-MON-RR HH.MI.SSXFF AM'),'555555555505, 2019-09-05, 4444444445, Pionir',1,102,21);
REM INSERTING into ZOE.DJANGO_CONTENT_TYPE
SET DEFINE OFF;
Insert into ZOE.DJANGO_CONTENT_TYPE (ID,APP_LABEL,MODEL) values (21,'polls','choice');
Insert into ZOE.DJANGO_CONTENT_TYPE (ID,APP_LABEL,MODEL) values (22,'polls','question');
Insert into ZOE.DJANGO_CONTENT_TYPE (ID,APP_LABEL,MODEL) values (61,'approda','artikli');
Insert into ZOE.DJANGO_CONTENT_TYPE (ID,APP_LABEL,MODEL) values (62,'approda','dobavljaci');
Insert into ZOE.DJANGO_CONTENT_TYPE (ID,APP_LABEL,MODEL) values (63,'approda','kupci');
Insert into ZOE.DJANGO_CONTENT_TYPE (ID,APP_LABEL,MODEL) values (64,'approda','evidencijeprijema');
Insert into ZOE.DJANGO_CONTENT_TYPE (ID,APP_LABEL,MODEL) values (81,'approda','stavkeracuna');
Insert into ZOE.DJANGO_CONTENT_TYPE (ID,APP_LABEL,MODEL) values (82,'approda','objekti');
Insert into ZOE.DJANGO_CONTENT_TYPE (ID,APP_LABEL,MODEL) values (101,'approda','racuni');
Insert into ZOE.DJANGO_CONTENT_TYPE (ID,APP_LABEL,MODEL) values (1,'admin','logentry');
Insert into ZOE.DJANGO_CONTENT_TYPE (ID,APP_LABEL,MODEL) values (2,'auth','permission');
Insert into ZOE.DJANGO_CONTENT_TYPE (ID,APP_LABEL,MODEL) values (3,'auth','group');
Insert into ZOE.DJANGO_CONTENT_TYPE (ID,APP_LABEL,MODEL) values (4,'auth','user');
Insert into ZOE.DJANGO_CONTENT_TYPE (ID,APP_LABEL,MODEL) values (5,'contenttypes','contenttype');
Insert into ZOE.DJANGO_CONTENT_TYPE (ID,APP_LABEL,MODEL) values (6,'sessions','session');
Insert into ZOE.DJANGO_CONTENT_TYPE (ID,APP_LABEL,MODEL) values (102,'approda','otpremnice');
REM INSERTING into ZOE.DJANGO_MIGRATIONS
SET DEFINE OFF;
Insert into ZOE.DJANGO_MIGRATIONS (ID,APP,NAME,APPLIED) values (18,'polls','0001_initial',to_timestamp('24-AUG-19 03.15.23.615045000 PM','DD-MON-RR HH.MI.SSXFF AM'));
Insert into ZOE.DJANGO_MIGRATIONS (ID,APP,NAME,APPLIED) values (1,'contenttypes','0001_initial',to_timestamp('24-AUG-19 02.36.06.604158000 PM','DD-MON-RR HH.MI.SSXFF AM'));
Insert into ZOE.DJANGO_MIGRATIONS (ID,APP,NAME,APPLIED) values (2,'auth','0001_initial',to_timestamp('24-AUG-19 02.48.21.638498000 PM','DD-MON-RR HH.MI.SSXFF AM'));
Insert into ZOE.DJANGO_MIGRATIONS (ID,APP,NAME,APPLIED) values (3,'admin','0001_initial',to_timestamp('24-AUG-19 02.48.22.086005000 PM','DD-MON-RR HH.MI.SSXFF AM'));
Insert into ZOE.DJANGO_MIGRATIONS (ID,APP,NAME,APPLIED) values (4,'admin','0002_logentry_remove_auto_add',to_timestamp('24-AUG-19 02.48.22.211006000 PM','DD-MON-RR HH.MI.SSXFF AM'));
Insert into ZOE.DJANGO_MIGRATIONS (ID,APP,NAME,APPLIED) values (5,'admin','0003_logentry_add_action_flag_choices',to_timestamp('24-AUG-19 02.48.22.241007000 PM','DD-MON-RR HH.MI.SSXFF AM'));
Insert into ZOE.DJANGO_MIGRATIONS (ID,APP,NAME,APPLIED) values (6,'contenttypes','0002_remove_content_type_name',to_timestamp('24-AUG-19 02.48.23.371024000 PM','DD-MON-RR HH.MI.SSXFF AM'));
Insert into ZOE.DJANGO_MIGRATIONS (ID,APP,NAME,APPLIED) values (7,'auth','0002_alter_permission_name_max_length',to_timestamp('24-AUG-19 02.48.23.538527000 PM','DD-MON-RR HH.MI.SSXFF AM'));
Insert into ZOE.DJANGO_MIGRATIONS (ID,APP,NAME,APPLIED) values (8,'auth','0003_alter_user_email_max_length',to_timestamp('24-AUG-19 02.48.23.621028000 PM','DD-MON-RR HH.MI.SSXFF AM'));
Insert into ZOE.DJANGO_MIGRATIONS (ID,APP,NAME,APPLIED) values (9,'auth','0004_alter_user_username_opts',to_timestamp('24-AUG-19 02.48.23.671029000 PM','DD-MON-RR HH.MI.SSXFF AM'));
Insert into ZOE.DJANGO_MIGRATIONS (ID,APP,NAME,APPLIED) values (10,'auth','0005_alter_user_last_login_null',to_timestamp('24-AUG-19 02.48.23.758530000 PM','DD-MON-RR HH.MI.SSXFF AM'));
Insert into ZOE.DJANGO_MIGRATIONS (ID,APP,NAME,APPLIED) values (11,'auth','0006_require_contenttypes_0002',to_timestamp('24-AUG-19 02.48.23.796031000 PM','DD-MON-RR HH.MI.SSXFF AM'));
Insert into ZOE.DJANGO_MIGRATIONS (ID,APP,NAME,APPLIED) values (12,'auth','0007_alter_validators_add_error_messages',to_timestamp('24-AUG-19 02.48.23.843532000 PM','DD-MON-RR HH.MI.SSXFF AM'));
Insert into ZOE.DJANGO_MIGRATIONS (ID,APP,NAME,APPLIED) values (13,'auth','0008_alter_user_username_max_length',to_timestamp('24-AUG-19 02.48.23.928533000 PM','DD-MON-RR HH.MI.SSXFF AM'));
Insert into ZOE.DJANGO_MIGRATIONS (ID,APP,NAME,APPLIED) values (14,'auth','0009_alter_user_last_name_max_length',to_timestamp('24-AUG-19 02.48.24.006034000 PM','DD-MON-RR HH.MI.SSXFF AM'));
Insert into ZOE.DJANGO_MIGRATIONS (ID,APP,NAME,APPLIED) values (15,'auth','0010_alter_group_name_max_length',to_timestamp('24-AUG-19 02.48.24.083535000 PM','DD-MON-RR HH.MI.SSXFF AM'));
Insert into ZOE.DJANGO_MIGRATIONS (ID,APP,NAME,APPLIED) values (16,'auth','0011_update_proxy_permissions',to_timestamp('24-AUG-19 02.48.24.136036000 PM','DD-MON-RR HH.MI.SSXFF AM'));
Insert into ZOE.DJANGO_MIGRATIONS (ID,APP,NAME,APPLIED) values (17,'sessions','0001_initial',to_timestamp('24-AUG-19 02.48.24.208537000 PM','DD-MON-RR HH.MI.SSXFF AM'));
REM INSERTING into ZOE.DJANGO_SESSION
SET DEFINE OFF;
Insert into ZOE.DJANGO_SESSION (SESSION_KEY,EXPIRE_DATE) values ('efck3p377zu551d2u2mgm2qjtxah6o94',to_timestamp('19-SEP-19 04.47.42.258465000 PM','DD-MON-RR HH.MI.SSXFF AM'));
REM INSERTING into ZOE.DOBAVLJACI
SET DEFINE OFF;
Insert into ZOE.DOBAVLJACI (SIFRA_DOBAVLJACA,NAZIV) values (4444444404,'Henkel');
Insert into ZOE.DOBAVLJACI (SIFRA_DOBAVLJACA,NAZIV) values (4444444442,'Swisslion');
Insert into ZOE.DOBAVLJACI (SIFRA_DOBAVLJACA,NAZIV) values (4444444443,'Nectar');
Insert into ZOE.DOBAVLJACI (SIFRA_DOBAVLJACA,NAZIV) values (4444444444,'Centroproizvod');
Insert into ZOE.DOBAVLJACI (SIFRA_DOBAVLJACA,NAZIV) values (4444444446,'FHI Zdravlje AD');
Insert into ZOE.DOBAVLJACI (SIFRA_DOBAVLJACA,NAZIV) values (4444444447,'ALFA-PLAM');
Insert into ZOE.DOBAVLJACI (SIFRA_DOBAVLJACA,NAZIV) values (4444444448,'HIP');
Insert into ZOE.DOBAVLJACI (SIFRA_DOBAVLJACA,NAZIV) values (4444444449,'Impol');
Insert into ZOE.DOBAVLJACI (SIFRA_DOBAVLJACA,NAZIV) values (4444444410,'MIK-KOMERC');
Insert into ZOE.DOBAVLJACI (SIFRA_DOBAVLJACA,NAZIV) values (4444444441,'Yumis');
REM INSERTING into ZOE.EVIDENCIJE_PRIJEMA
SET DEFINE OFF;
Insert into ZOE.EVIDENCIJE_PRIJEMA (KOLICINA,BROJ_KALKULACIJA,SIFRA_ARTIKLA,PIB,SIFRA_OTPREMNICE,NAZIV_OBJEKTA,PK_EVIDENCIJE_PRIJEMA) values (202,null,222222222221,3333333337,555555555557,'Roda Bg',1);
Insert into ZOE.EVIDENCIJE_PRIJEMA (KOLICINA,BROJ_KALKULACIJA,SIFRA_ARTIKLA,PIB,SIFRA_OTPREMNICE,NAZIV_OBJEKTA,PK_EVIDENCIJE_PRIJEMA) values (1000,null,222222222226,3333333333,555555555552,'Roda, TC Stadion',3);
Insert into ZOE.EVIDENCIJE_PRIJEMA (KOLICINA,BROJ_KALKULACIJA,SIFRA_ARTIKLA,PIB,SIFRA_OTPREMNICE,NAZIV_OBJEKTA,PK_EVIDENCIJE_PRIJEMA) values (1005,null,222222222226,3333333335,555555555552,'Roda Headquarters',4);
Insert into ZOE.EVIDENCIJE_PRIJEMA (KOLICINA,BROJ_KALKULACIJA,SIFRA_ARTIKLA,PIB,SIFRA_OTPREMNICE,NAZIV_OBJEKTA,PK_EVIDENCIJE_PRIJEMA) values (51,32,222222222229,3333333334,555555555554,'Roda, Ušce',6);
Insert into ZOE.EVIDENCIJE_PRIJEMA (KOLICINA,BROJ_KALKULACIJA,SIFRA_ARTIKLA,PIB,SIFRA_OTPREMNICE,NAZIV_OBJEKTA,PK_EVIDENCIJE_PRIJEMA) values (103,null,222222222221,3333333337,555555555558,'Roda Bg',7);
Insert into ZOE.EVIDENCIJE_PRIJEMA (KOLICINA,BROJ_KALKULACIJA,SIFRA_ARTIKLA,PIB,SIFRA_OTPREMNICE,NAZIV_OBJEKTA,PK_EVIDENCIJE_PRIJEMA) values (251,null,222222222223,3333333338,555555555510,'Roda Maloprodaja',8);
Insert into ZOE.EVIDENCIJE_PRIJEMA (KOLICINA,BROJ_KALKULACIJA,SIFRA_ARTIKLA,PIB,SIFRA_OTPREMNICE,NAZIV_OBJEKTA,PK_EVIDENCIJE_PRIJEMA) values (303,null,222222222223,3333333337,555555555559,'Roda Bg',9);
Insert into ZOE.EVIDENCIJE_PRIJEMA (KOLICINA,BROJ_KALKULACIJA,SIFRA_ARTIKLA,PIB,SIFRA_OTPREMNICE,NAZIV_OBJEKTA,PK_EVIDENCIJE_PRIJEMA) values (5555,12,222222222226,3333333337,555555555557,'Roda Bg',11);
Insert into ZOE.EVIDENCIJE_PRIJEMA (KOLICINA,BROJ_KALKULACIJA,SIFRA_ARTIKLA,PIB,SIFRA_OTPREMNICE,NAZIV_OBJEKTA,PK_EVIDENCIJE_PRIJEMA) values (10,322,222222222224,3333333335,555555555552,'Roda Headquarters',41);
Insert into ZOE.EVIDENCIJE_PRIJEMA (KOLICINA,BROJ_KALKULACIJA,SIFRA_ARTIKLA,PIB,SIFRA_OTPREMNICE,NAZIV_OBJEKTA,PK_EVIDENCIJE_PRIJEMA) values (35,1222,222222222222,3333333335,555555555552,'Roda Headquarters',12);
Insert into ZOE.EVIDENCIJE_PRIJEMA (KOLICINA,BROJ_KALKULACIJA,SIFRA_ARTIKLA,PIB,SIFRA_OTPREMNICE,NAZIV_OBJEKTA,PK_EVIDENCIJE_PRIJEMA) values (32,344,222222222225,3333333335,555555555510,'Roda Kids',61);
Insert into ZOE.EVIDENCIJE_PRIJEMA (KOLICINA,BROJ_KALKULACIJA,SIFRA_ARTIKLA,PIB,SIFRA_OTPREMNICE,NAZIV_OBJEKTA,PK_EVIDENCIJE_PRIJEMA) values (4,33,222222222225,3333333336,555555555510,'Roda M',21);
REM INSERTING into ZOE.KUPCI
SET DEFINE OFF;
Insert into ZOE.KUPCI (JMBG,IME,PREZIME,KARTICA) values (1203991234512,'Zoe','Gavrilovic',9191919181818181);
Insert into ZOE.KUPCI (JMBG,IME,PREZIME,KARTICA) values (2206966533444,'Jovan','Milosavljevic',7777666655554444);
Insert into ZOE.KUPCI (JMBG,IME,PREZIME,KARTICA) values (2806966554444,'Mona','Liza',5555444433332222);
Insert into ZOE.KUPCI (JMBG,IME,PREZIME,KARTICA) values (2006966552444,'Marko','Nikolic',9999888899998888);
Insert into ZOE.KUPCI (JMBG,IME,PREZIME,KARTICA) values (2706966553444,'Nikola','Urosevic',1111000011110000);
Insert into ZOE.KUPCI (JMBG,IME,PREZIME,KARTICA) values (2106966551444,'Lazar','Matic',2345234567896789);
Insert into ZOE.KUPCI (JMBG,IME,PREZIME,KARTICA) values (1806966554444,'Sanja','Lalovic',2323232323232323);
Insert into ZOE.KUPCI (JMBG,IME,PREZIME,KARTICA) values (2306966553444,'Nina','Milosevic',5555444466667777);
Insert into ZOE.KUPCI (JMBG,IME,PREZIME,KARTICA) values (1206966533444,'Jovana','Janjic',1111666644442222);
Insert into ZOE.KUPCI (JMBG,IME,PREZIME,KARTICA) values (1406966533444,'Nikolina','Kutlesic',7566344212236667);
Insert into ZOE.KUPCI (JMBG,IME,PREZIME,KARTICA) values (1606966533444,'Lola','Gavrilovic',8880999844436661);
REM INSERTING into ZOE.OBJEKTI
SET DEFINE OFF;
Insert into ZOE.OBJEKTI (PIB,NAZIV,ADRESA,GRAD,BROJ_TELEFONA) values (3333333306,'Roda Awesome','Nadezde Petrovic 252','Pancevo',34657625);
Insert into ZOE.OBJEKTI (PIB,NAZIV,ADRESA,GRAD,BROJ_TELEFONA) values (3333333305,'Roda Extreme','Bistricka 13','Uzice',31672532);
Insert into ZOE.OBJEKTI (PIB,NAZIV,ADRESA,GRAD,BROJ_TELEFONA) values (3333333337,'Roda Bg','Makenzijeva 53','Beograd',11245246);
Insert into ZOE.OBJEKTI (PIB,NAZIV,ADRESA,GRAD,BROJ_TELEFONA) values (3333333334,'Roda, Ušce','Niska 44','Beograd',11245247);
Insert into ZOE.OBJEKTI (PIB,NAZIV,ADRESA,GRAD,BROJ_TELEFONA) values (3333333338,'Roda Maloprodaja','Branicevska 2','Beograd',null);
Insert into ZOE.OBJEKTI (PIB,NAZIV,ADRESA,GRAD,BROJ_TELEFONA) values (3333333339,'Roda Kids','Njegoševa 14','Cacak',null);
Insert into ZOE.OBJEKTI (PIB,NAZIV,ADRESA,GRAD,BROJ_TELEFONA) values (3333333310,'Roda Centar','Kneginje Milice bb','Jagodina',null);
Insert into ZOE.OBJEKTI (PIB,NAZIV,ADRESA,GRAD,BROJ_TELEFONA) values (3333333331,'Roda D.O.O','Svetosavska 37a','Beocin',null);
Insert into ZOE.OBJEKTI (PIB,NAZIV,ADRESA,GRAD,BROJ_TELEFONA) values (3333333332,'Roda Megamarket','Maršala Tita 79','Beograd',null);
Insert into ZOE.OBJEKTI (PIB,NAZIV,ADRESA,GRAD,BROJ_TELEFONA) values (3333333333,'Roda, TC Stadion','Ðure Jakšica BB','Beograd',11654789);
Insert into ZOE.OBJEKTI (PIB,NAZIV,ADRESA,GRAD,BROJ_TELEFONA) values (3333333335,'Roda Headquarters','Sarajevska 55','Beograd',null);
Insert into ZOE.OBJEKTI (PIB,NAZIV,ADRESA,GRAD,BROJ_TELEFONA) values (3333333336,'Roda M','Vojvode Stepe 14','Beograd',35212244);
Insert into ZOE.OBJEKTI (PIB,NAZIV,ADRESA,GRAD,BROJ_TELEFONA) values (3333333302,'Roda Food','Kneza Mihaila 134','Beograd',113452653);
REM INSERTING into ZOE.OTPREMNICE
SET DEFINE OFF;
Insert into ZOE.OTPREMNICE (SIFRA_OTPREMNICE,DATUM_OTPREME,SIFRA_DOBAVLJACA) values (555555555557,to_date('10-OCT-18','DD-MON-RR'),4444444447);
Insert into ZOE.OTPREMNICE (SIFRA_OTPREMNICE,DATUM_OTPREME,SIFRA_DOBAVLJACA) values (555555555558,to_date('10-OCT-18','DD-MON-RR'),4444444448);
Insert into ZOE.OTPREMNICE (SIFRA_OTPREMNICE,DATUM_OTPREME,SIFRA_DOBAVLJACA) values (555555555559,to_date('10-OCT-18','DD-MON-RR'),4444444449);
Insert into ZOE.OTPREMNICE (SIFRA_OTPREMNICE,DATUM_OTPREME,SIFRA_DOBAVLJACA) values (555555555510,to_date('10-OCT-18','DD-MON-RR'),4444444410);
Insert into ZOE.OTPREMNICE (SIFRA_OTPREMNICE,DATUM_OTPREME,SIFRA_DOBAVLJACA) values (555555555552,to_date('10-OCT-18','DD-MON-RR'),4444444442);
Insert into ZOE.OTPREMNICE (SIFRA_OTPREMNICE,DATUM_OTPREME,SIFRA_DOBAVLJACA) values (555555555553,to_date('10-OCT-18','DD-MON-RR'),4444444443);
Insert into ZOE.OTPREMNICE (SIFRA_OTPREMNICE,DATUM_OTPREME,SIFRA_DOBAVLJACA) values (555555555554,to_date('10-OCT-18','DD-MON-RR'),4444444444);
Insert into ZOE.OTPREMNICE (SIFRA_OTPREMNICE,DATUM_OTPREME,SIFRA_DOBAVLJACA) values (555555555556,to_date('10-OCT-18','DD-MON-RR'),4444444446);
REM INSERTING into ZOE.RACUNI
SET DEFINE OFF;
Insert into ZOE.RACUNI (RACUNID,DATUM,VREME,JMBG,KARTICA,UKUPNO) values (1111111102,to_date('05-SEP-19','DD-MON-RR'),'12:32',1203991234512,9191919181818181,0);
Insert into ZOE.RACUNI (RACUNID,DATUM,VREME,JMBG,KARTICA,UKUPNO) values (1111111103,to_date('05-SEP-19','DD-MON-RR'),'12:32',1206966533444,1111666644442222,0);
Insert into ZOE.RACUNI (RACUNID,DATUM,VREME,JMBG,KARTICA,UKUPNO) values (1111111117,to_date('10-OCT-18','DD-MON-RR'),'11:12:24',2806966554444,5555444433332222,260);
Insert into ZOE.RACUNI (RACUNID,DATUM,VREME,JMBG,KARTICA,UKUPNO) values (1111111118,to_date('10-OCT-18','DD-MON-RR'),'11:13:12',2106966551444,2345234567896789,200);
Insert into ZOE.RACUNI (RACUNID,DATUM,VREME,JMBG,KARTICA,UKUPNO) values (1111111119,to_date('10-OCT-18','DD-MON-RR'),'11:15:25',2806966554444,5555444433332222,0);
Insert into ZOE.RACUNI (RACUNID,DATUM,VREME,JMBG,KARTICA,UKUPNO) values (1111111111,to_date('10-OCT-18','DD-MON-RR'),'10:53:44',1606966533444,8880999844436661,12164);
Insert into ZOE.RACUNI (RACUNID,DATUM,VREME,JMBG,KARTICA,UKUPNO) values (1111111112,to_date('10-OCT-18','DD-MON-RR'),'10:54:22',1606966533444,8880999844436661,758);
Insert into ZOE.RACUNI (RACUNID,DATUM,VREME,JMBG,KARTICA,UKUPNO) values (1111111113,to_date('10-OCT-18','DD-MON-RR'),'10:55:23',2006966552444,9999888899998888,21220);
Insert into ZOE.RACUNI (RACUNID,DATUM,VREME,JMBG,KARTICA,UKUPNO) values (1111111114,to_date('10-OCT-18','DD-MON-RR'),'10:57:13',2006966552444,9999888899998888,720);
Insert into ZOE.RACUNI (RACUNID,DATUM,VREME,JMBG,KARTICA,UKUPNO) values (1111111115,to_date('10-OCT-18','DD-MON-RR'),'11:01:14',2106966551444,2345234567896789,0);
Insert into ZOE.RACUNI (RACUNID,DATUM,VREME,JMBG,KARTICA,UKUPNO) values (1111111116,to_date('10-OCT-18','DD-MON-RR'),'11:11:16',2806966554444,5555444433332222,360);
REM INSERTING into ZOE.STAVKE_RACUNA
SET DEFINE OFF;
Insert into ZOE.STAVKE_RACUNA (KOLICINA,SIFRA_ARTIKLA,RACUNID,PK_STAVKE_RACUNA) values (4,222222222224,1111111113,2);
Insert into ZOE.STAVKE_RACUNA (KOLICINA,SIFRA_ARTIKLA,RACUNID,PK_STAVKE_RACUNA) values (1,222222222229,1111111117,6);
Insert into ZOE.STAVKE_RACUNA (KOLICINA,SIFRA_ARTIKLA,RACUNID,PK_STAVKE_RACUNA) values (3,222222222224,1111111116,7);
Insert into ZOE.STAVKE_RACUNA (KOLICINA,SIFRA_ARTIKLA,RACUNID,PK_STAVKE_RACUNA) values (4,222222222228,1111111113,8);
Insert into ZOE.STAVKE_RACUNA (KOLICINA,SIFRA_ARTIKLA,RACUNID,PK_STAVKE_RACUNA) values (6,222222222223,1111111114,9);
Insert into ZOE.STAVKE_RACUNA (KOLICINA,SIFRA_ARTIKLA,RACUNID,PK_STAVKE_RACUNA) values (2,222222222223,1111111117,10);
Insert into ZOE.STAVKE_RACUNA (KOLICINA,SIFRA_ARTIKLA,RACUNID,PK_STAVKE_RACUNA) values (2,222222222221,1111111112,11);
Insert into ZOE.STAVKE_RACUNA (KOLICINA,SIFRA_ARTIKLA,RACUNID,PK_STAVKE_RACUNA) values (41,222222222222,1111111111,12);
Insert into ZOE.STAVKE_RACUNA (KOLICINA,SIFRA_ARTIKLA,RACUNID,PK_STAVKE_RACUNA) values (342,222222222227,1111111113,14);
Insert into ZOE.STAVKE_RACUNA (KOLICINA,SIFRA_ARTIKLA,RACUNID,PK_STAVKE_RACUNA) values (2,222222222226,1111111118,43);
Insert into ZOE.STAVKE_RACUNA (KOLICINA,SIFRA_ARTIKLA,RACUNID,PK_STAVKE_RACUNA) values (2,222222222228,1111111111,22);
Insert into ZOE.STAVKE_RACUNA (KOLICINA,SIFRA_ARTIKLA,RACUNID,PK_STAVKE_RACUNA) values (2,222222222227,1111111118,102);
Insert into ZOE.STAVKE_RACUNA (KOLICINA,SIFRA_ARTIKLA,RACUNID,PK_STAVKE_RACUNA) values (2,222222222225,1111111112,62);
--------------------------------------------------------
--  DDL for Index AUTH_GROU_GROUP_ID__0CD325B0_U
--------------------------------------------------------

  CREATE UNIQUE INDEX "ZOE"."AUTH_GROU_GROUP_ID__0CD325B0_U" ON "ZOE"."AUTH_GROUP_PERMISSIONS" ("GROUP_ID", "PERMISSION_ID") 
  PCTFREE 10 INITRANS 2 MAXTRANS 255 COMPUTE STATISTICS 
  TABLESPACE "USERS" ;
--------------------------------------------------------
--  DDL for Index AUTH_PERM_CONTENT_T_01AB375A_U
--------------------------------------------------------

  CREATE UNIQUE INDEX "ZOE"."AUTH_PERM_CONTENT_T_01AB375A_U" ON "ZOE"."AUTH_PERMISSION" ("CONTENT_TYPE_ID", "CODENAME") 
  PCTFREE 10 INITRANS 2 MAXTRANS 255 COMPUTE STATISTICS 
  STORAGE(INITIAL 65536 NEXT 1048576 MINEXTENTS 1 MAXEXTENTS 2147483645
  PCTINCREASE 0 FREELISTS 1 FREELIST GROUPS 1
  BUFFER_POOL DEFAULT FLASH_CACHE DEFAULT CELL_FLASH_CACHE DEFAULT)
  TABLESPACE "USERS" ;
--------------------------------------------------------
--  DDL for Index AUTH_USER_USER_ID_G_94350C0C_U
--------------------------------------------------------

  CREATE UNIQUE INDEX "ZOE"."AUTH_USER_USER_ID_G_94350C0C_U" ON "ZOE"."AUTH_USER_GROUPS" ("USER_ID", "GROUP_ID") 
  PCTFREE 10 INITRANS 2 MAXTRANS 255 COMPUTE STATISTICS 
  TABLESPACE "USERS" ;
--------------------------------------------------------
--  DDL for Index AUTH_USER_USER_ID_P_14A6B632_U
--------------------------------------------------------

  CREATE UNIQUE INDEX "ZOE"."AUTH_USER_USER_ID_P_14A6B632_U" ON "ZOE"."AUTH_USER_USER_PERMISSIONS" ("USER_ID", "PERMISSION_ID") 
  PCTFREE 10 INITRANS 2 MAXTRANS 255 COMPUTE STATISTICS 
  TABLESPACE "USERS" ;
--------------------------------------------------------
--  DDL for Index DJANGO_CO_APP_LABEL_76BD3D3B_U
--------------------------------------------------------

  CREATE UNIQUE INDEX "ZOE"."DJANGO_CO_APP_LABEL_76BD3D3B_U" ON "ZOE"."DJANGO_CONTENT_TYPE" ("APP_LABEL", "MODEL") 
  PCTFREE 10 INITRANS 2 MAXTRANS 255 COMPUTE STATISTICS 
  STORAGE(INITIAL 65536 NEXT 1048576 MINEXTENTS 1 MAXEXTENTS 2147483645
  PCTINCREASE 0 FREELISTS 1 FREELIST GROUPS 1
  BUFFER_POOL DEFAULT FLASH_CACHE DEFAULT CELL_FLASH_CACHE DEFAULT)
  TABLESPACE "USERS" ;
--------------------------------------------------------
--  DDL for Index EVIDENCIJE_PRIJEMA_PK
--------------------------------------------------------

  CREATE UNIQUE INDEX "ZOE"."EVIDENCIJE_PRIJEMA_PK" ON "ZOE"."EVIDENCIJE_PRIJEMA" ("PK_EVIDENCIJE_PRIJEMA") 
  PCTFREE 10 INITRANS 2 MAXTRANS 255 COMPUTE STATISTICS 
  STORAGE(INITIAL 65536 NEXT 1048576 MINEXTENTS 1 MAXEXTENTS 2147483645
  PCTINCREASE 0 FREELISTS 1 FREELIST GROUPS 1
  BUFFER_POOL DEFAULT FLASH_CACHE DEFAULT CELL_FLASH_CACHE DEFAULT)
  TABLESPACE "USERS" ;
--------------------------------------------------------
--  DDL for Index PK_JMBG
--------------------------------------------------------

  CREATE UNIQUE INDEX "ZOE"."PK_JMBG" ON "ZOE"."KUPCI" ("JMBG") 
  PCTFREE 10 INITRANS 2 MAXTRANS 255 COMPUTE STATISTICS 
  STORAGE(INITIAL 65536 NEXT 1048576 MINEXTENTS 1 MAXEXTENTS 2147483645
  PCTINCREASE 0 FREELISTS 1 FREELIST GROUPS 1
  BUFFER_POOL DEFAULT FLASH_CACHE DEFAULT CELL_FLASH_CACHE DEFAULT)
  TABLESPACE "USERS" ;
--------------------------------------------------------
--  DDL for Index PK_OTPREMNICE
--------------------------------------------------------

  CREATE UNIQUE INDEX "ZOE"."PK_OTPREMNICE" ON "ZOE"."OTPREMNICE" ("SIFRA_OTPREMNICE") 
  PCTFREE 10 INITRANS 2 MAXTRANS 255 COMPUTE STATISTICS 
  STORAGE(INITIAL 65536 NEXT 1048576 MINEXTENTS 1 MAXEXTENTS 2147483645
  PCTINCREASE 0 FREELISTS 1 FREELIST GROUPS 1
  BUFFER_POOL DEFAULT FLASH_CACHE DEFAULT CELL_FLASH_CACHE DEFAULT)
  TABLESPACE "USERS" ;
--------------------------------------------------------
--  DDL for Index PK_PIB
--------------------------------------------------------

  CREATE UNIQUE INDEX "ZOE"."PK_PIB" ON "ZOE"."OBJEKTI" ("PIB") 
  PCTFREE 10 INITRANS 2 MAXTRANS 255 COMPUTE STATISTICS 
  STORAGE(INITIAL 65536 NEXT 1048576 MINEXTENTS 1 MAXEXTENTS 2147483645
  PCTINCREASE 0 FREELISTS 1 FREELIST GROUPS 1
  BUFFER_POOL DEFAULT FLASH_CACHE DEFAULT CELL_FLASH_CACHE DEFAULT)
  TABLESPACE "USERS" ;
--------------------------------------------------------
--  DDL for Index PK_RACUNID
--------------------------------------------------------

  CREATE UNIQUE INDEX "ZOE"."PK_RACUNID" ON "ZOE"."RACUNI" ("RACUNID") 
  PCTFREE 10 INITRANS 2 MAXTRANS 255 COMPUTE STATISTICS 
  STORAGE(INITIAL 65536 NEXT 1048576 MINEXTENTS 1 MAXEXTENTS 2147483645
  PCTINCREASE 0 FREELISTS 1 FREELIST GROUPS 1
  BUFFER_POOL DEFAULT FLASH_CACHE DEFAULT CELL_FLASH_CACHE DEFAULT)
  TABLESPACE "USERS" ;
--------------------------------------------------------
--  DDL for Index PK_SIFRA_ARTIKLA
--------------------------------------------------------

  CREATE UNIQUE INDEX "ZOE"."PK_SIFRA_ARTIKLA" ON "ZOE"."ARTIKLI" ("SIFRA_ARTIKLA") 
  PCTFREE 10 INITRANS 2 MAXTRANS 255 COMPUTE STATISTICS 
  STORAGE(INITIAL 65536 NEXT 1048576 MINEXTENTS 1 MAXEXTENTS 2147483645
  PCTINCREASE 0 FREELISTS 1 FREELIST GROUPS 1
  BUFFER_POOL DEFAULT FLASH_CACHE DEFAULT CELL_FLASH_CACHE DEFAULT)
  TABLESPACE "USERS" ;
--------------------------------------------------------
--  DDL for Index PK_SIFRA_DOBAVLJACA
--------------------------------------------------------

  CREATE UNIQUE INDEX "ZOE"."PK_SIFRA_DOBAVLJACA" ON "ZOE"."DOBAVLJACI" ("SIFRA_DOBAVLJACA") 
  PCTFREE 10 INITRANS 2 MAXTRANS 255 COMPUTE STATISTICS 
  STORAGE(INITIAL 65536 NEXT 1048576 MINEXTENTS 1 MAXEXTENTS 2147483645
  PCTINCREASE 0 FREELISTS 1 FREELIST GROUPS 1
  BUFFER_POOL DEFAULT FLASH_CACHE DEFAULT CELL_FLASH_CACHE DEFAULT)
  TABLESPACE "USERS" ;
--------------------------------------------------------
--  DDL for Index STAVKE_RACUNA_PK
--------------------------------------------------------

  CREATE UNIQUE INDEX "ZOE"."STAVKE_RACUNA_PK" ON "ZOE"."STAVKE_RACUNA" ("PK_STAVKE_RACUNA") 
  PCTFREE 10 INITRANS 2 MAXTRANS 255 COMPUTE STATISTICS 
  STORAGE(INITIAL 65536 NEXT 1048576 MINEXTENTS 1 MAXEXTENTS 2147483645
  PCTINCREASE 0 FREELISTS 1 FREELIST GROUPS 1
  BUFFER_POOL DEFAULT FLASH_CACHE DEFAULT CELL_FLASH_CACHE DEFAULT)
  TABLESPACE "USERS" ;
--------------------------------------------------------
--  DDL for Index DJANGO_ADM_CONTENT_TY_C4BCE8EB
--------------------------------------------------------

  CREATE INDEX "ZOE"."DJANGO_ADM_CONTENT_TY_C4BCE8EB" ON "ZOE"."DJANGO_ADMIN_LOG" ("CONTENT_TYPE_ID") 
  PCTFREE 10 INITRANS 2 MAXTRANS 255 COMPUTE STATISTICS 
  STORAGE(INITIAL 65536 NEXT 1048576 MINEXTENTS 1 MAXEXTENTS 2147483645
  PCTINCREASE 0 FREELISTS 1 FREELIST GROUPS 1
  BUFFER_POOL DEFAULT FLASH_CACHE DEFAULT CELL_FLASH_CACHE DEFAULT)
  TABLESPACE "USERS" ;
--------------------------------------------------------
--  DDL for Index I_UKUPNO
--------------------------------------------------------

  CREATE INDEX "ZOE"."I_UKUPNO" ON "ZOE"."RACUNI" ("UKUPNO") 
  PCTFREE 10 INITRANS 2 MAXTRANS 255 COMPUTE STATISTICS 
  STORAGE(INITIAL 65536 NEXT 1048576 MINEXTENTS 1 MAXEXTENTS 2147483645
  PCTINCREASE 0 FREELISTS 1 FREELIST GROUPS 1
  BUFFER_POOL DEFAULT FLASH_CACHE DEFAULT CELL_FLASH_CACHE DEFAULT)
  TABLESPACE "USERS" ;
--------------------------------------------------------
--  DDL for Index AUTH_GROUP_PERMISSION_84C5C92E
--------------------------------------------------------

  CREATE INDEX "ZOE"."AUTH_GROUP_PERMISSION_84C5C92E" ON "ZOE"."AUTH_GROUP_PERMISSIONS" ("PERMISSION_ID") 
  PCTFREE 10 INITRANS 2 MAXTRANS 255 COMPUTE STATISTICS 
  TABLESPACE "USERS" ;
--------------------------------------------------------
--  DDL for Index DJANGO_SES_EXPIRE_DAT_A5C62663
--------------------------------------------------------

  CREATE INDEX "ZOE"."DJANGO_SES_EXPIRE_DAT_A5C62663" ON "ZOE"."DJANGO_SESSION" ("EXPIRE_DATE") 
  PCTFREE 10 INITRANS 2 MAXTRANS 255 COMPUTE STATISTICS 
  STORAGE(INITIAL 65536 NEXT 1048576 MINEXTENTS 1 MAXEXTENTS 2147483645
  PCTINCREASE 0 FREELISTS 1 FREELIST GROUPS 1
  BUFFER_POOL DEFAULT FLASH_CACHE DEFAULT CELL_FLASH_CACHE DEFAULT)
  TABLESPACE "USERS" ;
--------------------------------------------------------
--  DDL for Index AUTH_USER__GROUP_ID_97559544
--------------------------------------------------------

  CREATE INDEX "ZOE"."AUTH_USER__GROUP_ID_97559544" ON "ZOE"."AUTH_USER_GROUPS" ("GROUP_ID") 
  PCTFREE 10 INITRANS 2 MAXTRANS 255 COMPUTE STATISTICS 
  TABLESPACE "USERS" ;
--------------------------------------------------------
--  DDL for Index AUTH_USER__USER_ID_6A12ED8B
--------------------------------------------------------

  CREATE INDEX "ZOE"."AUTH_USER__USER_ID_6A12ED8B" ON "ZOE"."AUTH_USER_GROUPS" ("USER_ID") 
  PCTFREE 10 INITRANS 2 MAXTRANS 255 COMPUTE STATISTICS 
  TABLESPACE "USERS" ;
--------------------------------------------------------
--  DDL for Index DJANGO_ADM_USER_ID_C564EBA6
--------------------------------------------------------

  CREATE INDEX "ZOE"."DJANGO_ADM_USER_ID_C564EBA6" ON "ZOE"."DJANGO_ADMIN_LOG" ("USER_ID") 
  PCTFREE 10 INITRANS 2 MAXTRANS 255 COMPUTE STATISTICS 
  STORAGE(INITIAL 65536 NEXT 1048576 MINEXTENTS 1 MAXEXTENTS 2147483645
  PCTINCREASE 0 FREELISTS 1 FREELIST GROUPS 1
  BUFFER_POOL DEFAULT FLASH_CACHE DEFAULT CELL_FLASH_CACHE DEFAULT)
  TABLESPACE "USERS" ;
--------------------------------------------------------
--  DDL for Index I_CENA_ARTIKLA
--------------------------------------------------------

  CREATE INDEX "ZOE"."I_CENA_ARTIKLA" ON "ZOE"."ARTIKLI" ("CENA") 
  PCTFREE 10 INITRANS 2 MAXTRANS 255 COMPUTE STATISTICS 
  STORAGE(INITIAL 65536 NEXT 1048576 MINEXTENTS 1 MAXEXTENTS 2147483645
  PCTINCREASE 0 FREELISTS 1 FREELIST GROUPS 1
  BUFFER_POOL DEFAULT FLASH_CACHE DEFAULT CELL_FLASH_CACHE DEFAULT)
  TABLESPACE "USERS" ;
--------------------------------------------------------
--  DDL for Index AUTH_USER__PERMISSION_1FBB5F2C
--------------------------------------------------------

  CREATE INDEX "ZOE"."AUTH_USER__PERMISSION_1FBB5F2C" ON "ZOE"."AUTH_USER_USER_PERMISSIONS" ("PERMISSION_ID") 
  PCTFREE 10 INITRANS 2 MAXTRANS 255 COMPUTE STATISTICS 
  TABLESPACE "USERS" ;
--------------------------------------------------------
--  DDL for Index I_NAZIV_DOBAVLJACA
--------------------------------------------------------

  CREATE INDEX "ZOE"."I_NAZIV_DOBAVLJACA" ON "ZOE"."DOBAVLJACI" (LOWER("NAZIV")) 
  PCTFREE 10 INITRANS 2 MAXTRANS 255 COMPUTE STATISTICS 
  STORAGE(INITIAL 65536 NEXT 1048576 MINEXTENTS 1 MAXEXTENTS 2147483645
  PCTINCREASE 0 FREELISTS 1 FREELIST GROUPS 1
  BUFFER_POOL DEFAULT FLASH_CACHE DEFAULT CELL_FLASH_CACHE DEFAULT)
  TABLESPACE "USERS" ;
--------------------------------------------------------
--  DDL for Index I_NAZIV_ARTIKLA
--------------------------------------------------------

  CREATE INDEX "ZOE"."I_NAZIV_ARTIKLA" ON "ZOE"."ARTIKLI" ("NAZIV") 
  PCTFREE 10 INITRANS 2 MAXTRANS 255 COMPUTE STATISTICS 
  STORAGE(INITIAL 65536 NEXT 1048576 MINEXTENTS 1 MAXEXTENTS 2147483645
  PCTINCREASE 0 FREELISTS 1 FREELIST GROUPS 1
  BUFFER_POOL DEFAULT FLASH_CACHE DEFAULT CELL_FLASH_CACHE DEFAULT)
  TABLESPACE "USERS" ;
--------------------------------------------------------
--  DDL for Index AUTH_USER__USER_ID_A95EAD1B
--------------------------------------------------------

  CREATE INDEX "ZOE"."AUTH_USER__USER_ID_A95EAD1B" ON "ZOE"."AUTH_USER_USER_PERMISSIONS" ("USER_ID") 
  PCTFREE 10 INITRANS 2 MAXTRANS 255 COMPUTE STATISTICS 
  TABLESPACE "USERS" ;
--------------------------------------------------------
--  DDL for Index AUTH_PERMI_CONTENT_TY_2F476E4B
--------------------------------------------------------

  CREATE INDEX "ZOE"."AUTH_PERMI_CONTENT_TY_2F476E4B" ON "ZOE"."AUTH_PERMISSION" ("CONTENT_TYPE_ID") 
  PCTFREE 10 INITRANS 2 MAXTRANS 255 COMPUTE STATISTICS 
  STORAGE(INITIAL 65536 NEXT 1048576 MINEXTENTS 1 MAXEXTENTS 2147483645
  PCTINCREASE 0 FREELISTS 1 FREELIST GROUPS 1
  BUFFER_POOL DEFAULT FLASH_CACHE DEFAULT CELL_FLASH_CACHE DEFAULT)
  TABLESPACE "USERS" ;
--------------------------------------------------------
--  DDL for Index AUTH_GROUP_GROUP_ID_B120CBF9
--------------------------------------------------------

  CREATE INDEX "ZOE"."AUTH_GROUP_GROUP_ID_B120CBF9" ON "ZOE"."AUTH_GROUP_PERMISSIONS" ("GROUP_ID") 
  PCTFREE 10 INITRANS 2 MAXTRANS 255 COMPUTE STATISTICS 
  TABLESPACE "USERS" ;
--------------------------------------------------------
--  DDL for Trigger EVIDENCIJE_PRIJEMA_INSERT
--------------------------------------------------------

  CREATE OR REPLACE NONEDITIONABLE TRIGGER "ZOE"."EVIDENCIJE_PRIJEMA_INSERT" BEFORE
INSERT ON evidencije_prijema
FOR EACH ROW
DECLARE
novi_naziv_objekta VARCHAR2(20);
BEGIN
SELECT naziv
INTO novi_naziv_objekta
FROM objekti
WHERE pib = :NEW.pib;
:NEW.naziv_objekta := novi_naziv_objekta;
END;
/
ALTER TRIGGER "ZOE"."EVIDENCIJE_PRIJEMA_INSERT" ENABLE;
--------------------------------------------------------
--  DDL for Trigger EVIDENCIJE_PRIJEMA_TRG1
--------------------------------------------------------

  CREATE OR REPLACE NONEDITIONABLE TRIGGER "ZOE"."EVIDENCIJE_PRIJEMA_TRG1" 
BEFORE INSERT ON EVIDENCIJE_PRIJEMA 
FOR EACH ROW 
BEGIN
  <<COLUMN_SEQUENCES>>
  BEGIN
    IF INSERTING AND :NEW.PK_EVIDENCIJE_PRIJEMA IS NULL THEN
      SELECT EVIDENCIJE_PRIJEMA_SEQ1.NEXTVAL INTO :NEW.PK_EVIDENCIJE_PRIJEMA FROM SYS.DUAL;
    END IF;
  END COLUMN_SEQUENCES;
END;
/
ALTER TRIGGER "ZOE"."EVIDENCIJE_PRIJEMA_TRG1" ENABLE;
--------------------------------------------------------
--  DDL for Trigger EVIDENCIJE_PRIJEMA_UPDATE_NO
--------------------------------------------------------

  CREATE OR REPLACE NONEDITIONABLE TRIGGER "ZOE"."EVIDENCIJE_PRIJEMA_UPDATE_NO" 
BEFORE
UPDATE OF naziv_objekta ON evidencije_prijema
FOR EACH ROW
BEGIN
RAISE_APPLICATION_ERROR(
num=>-20002,
msg=> 'Naziv objekta se ne moze direktno menjati.'
);
END;
/
ALTER TRIGGER "ZOE"."EVIDENCIJE_PRIJEMA_UPDATE_NO" DISABLE;
--------------------------------------------------------
--  DDL for Trigger KUPCI_UPDATE_KARTICA
--------------------------------------------------------

  CREATE OR REPLACE NONEDITIONABLE TRIGGER "ZOE"."KUPCI_UPDATE_KARTICA" 
AFTER 
UPDATE OF kartica ON kupci
FOR EACH ROW 
DECLARE
nova_kartica NUMBER(16,0);
k_jmbg NUMBER(13,0);
BEGIN
nova_kartica := :NEW.kartica;
k_jmbg := :NEW.jmbg;
UPDATE racuni
SET kartica = nova_kartica
WHERE jmbg = k_jmbg;
END;
/
ALTER TRIGGER "ZOE"."KUPCI_UPDATE_KARTICA" ENABLE;
--------------------------------------------------------
--  DDL for Trigger OBJEKTI_UPDATE_NAZIVOBJEKTA
--------------------------------------------------------

  CREATE OR REPLACE NONEDITIONABLE TRIGGER "ZOE"."OBJEKTI_UPDATE_NAZIVOBJEKTA" 
AFTER 
UPDATE OF naziv ON objekti
FOR EACH ROW 
DECLARE
novi_naziv VARCHAR2(20);
o_pib NUMBER(10,0);
BEGIN
novi_naziv := :NEW.naziv;
o_pib := :NEW.pib;
UPDATE evidencije_prijema
SET naziv_objekta = novi_naziv
WHERE pib = o_pib;
END;
/
ALTER TRIGGER "ZOE"."OBJEKTI_UPDATE_NAZIVOBJEKTA" ENABLE;
--------------------------------------------------------
--  DDL for Trigger OPT_RACUNI_INSERT
--------------------------------------------------------

  CREATE OR REPLACE NONEDITIONABLE TRIGGER "ZOE"."OPT_RACUNI_INSERT" 
BEFORE INSERT ON racuni
FOR EACH ROW
DECLARE novo_ukupno NUMBER(10,0);
BEGIN
novo_ukupno := 0;
:NEW.ukupno := novo_ukupno;
END;
/
ALTER TRIGGER "ZOE"."OPT_RACUNI_INSERT" ENABLE;
--------------------------------------------------------
--  DDL for Trigger OPT_RACUNI_UPDATE_UKUPNO
--------------------------------------------------------

  CREATE OR REPLACE NONEDITIONABLE TRIGGER "ZOE"."OPT_RACUNI_UPDATE_UKUPNO" 
BEFORE
UPDATE OF ukupno ON racuni
FOR EACH ROW
BEGIN
RAISE_APPLICATION_ERROR(
num=>-20002,
msg=> 'Ukupna vrednost se ne moze direktno menjati.'
);
END;
/
ALTER TRIGGER "ZOE"."OPT_RACUNI_UPDATE_UKUPNO" DISABLE;
--------------------------------------------------------
--  DDL for Trigger OPT_STAVKE_RACUNA_DELETE
--------------------------------------------------------

  CREATE OR REPLACE NONEDITIONABLE TRIGGER "ZOE"."OPT_STAVKE_RACUNA_DELETE" 
AFTER DELETE ON stavke_racuna
FOR EACH ROW
DECLARE
stara_cena NUMBER(10,0);
BEGIN
SELECT cena
INTO stara_cena
FROM artikli
WHERE sifra_artikla = :OLD.sifra_artikla;
UPDATE racuni
SET ukupno = ukupno - :OLD.kolicina * stara_cena
WHERE racunid = :OLD.racunid;
END;
/
ALTER TRIGGER "ZOE"."OPT_STAVKE_RACUNA_DELETE" ENABLE;
--------------------------------------------------------
--  DDL for Trigger OPT_STAVKE_RACUNA_INSERT
--------------------------------------------------------

  CREATE OR REPLACE NONEDITIONABLE TRIGGER "ZOE"."OPT_STAVKE_RACUNA_INSERT" 
BEFORE INSERT ON stavke_racuna
FOR EACH ROW
DECLARE
nova_cena NUMBER(10,0);
BEGIN
SELECT cena
INTO nova_cena
FROM artikli
WHERE sifra_artikla = :NEW.sifra_artikla;
UPDATE racuni
SET ukupno = ukupno + :NEW.kolicina * nova_cena
WHERE racunid = :NEW.racunid;
END;
/
ALTER TRIGGER "ZOE"."OPT_STAVKE_RACUNA_INSERT" ENABLE;
--------------------------------------------------------
--  DDL for Trigger OPT_STAVKE_RACUNA_UPDATE
--------------------------------------------------------

  CREATE OR REPLACE NONEDITIONABLE TRIGGER "ZOE"."OPT_STAVKE_RACUNA_UPDATE" 
AFTER UPDATE ON stavke_racuna
FOR EACH ROW
DECLARE
nova_cena NUMBER(10,0);
stara_cena NUMBER(10,0);
BEGIN
SELECT cena
INTO nova_cena
FROM artikli
WHERE sifra_artikla = :NEW.sifra_artikla;
SELECT cena
INTO stara_cena
FROM artikli
WHERE sifra_artikla = :OLD.sifra_artikla;
UPDATE racuni
SET ukupno = ukupno + :NEW.kolicina * nova_cena
WHERE racunid = :NEW.racunid;
UPDATE racuni
SET ukupno = ukupno - :OLD.kolicina * stara_cena
WHERE racunid = :OLD.racunid;
END;
/
ALTER TRIGGER "ZOE"."OPT_STAVKE_RACUNA_UPDATE" ENABLE;
--------------------------------------------------------
--  DDL for Trigger RACUNI_INSERT
--------------------------------------------------------

  CREATE OR REPLACE NONEDITIONABLE TRIGGER "ZOE"."RACUNI_INSERT" BEFORE
INSERT ON racuni
FOR EACH ROW
DECLARE
nova_kartica NUMBER(16,0);
BEGIN
SELECT kartica
INTO nova_kartica
FROM kupci
WHERE jmbg = :NEW.jmbg;
:NEW.kartica := nova_kartica;
END;
/
ALTER TRIGGER "ZOE"."RACUNI_INSERT" ENABLE;
--------------------------------------------------------
--  DDL for Trigger RACUNI_UPDATE_KARTICA
--------------------------------------------------------

  CREATE OR REPLACE NONEDITIONABLE TRIGGER "ZOE"."RACUNI_UPDATE_KARTICA" 
BEFORE
UPDATE OF kartica ON racuni
FOR EACH ROW
BEGIN
RAISE_APPLICATION_ERROR(
num=>-20002,
msg=> 'Kartica se ne moze direktno menjati.'
);
END;
/
ALTER TRIGGER "ZOE"."RACUNI_UPDATE_KARTICA" DISABLE;
--------------------------------------------------------
--  DDL for Trigger STAVKE_RACUNA_TRG
--------------------------------------------------------

  CREATE OR REPLACE NONEDITIONABLE TRIGGER "ZOE"."STAVKE_RACUNA_TRG" 
BEFORE INSERT ON STAVKE_RACUNA 
FOR EACH ROW 
BEGIN
  <<COLUMN_SEQUENCES>>
  BEGIN
    IF INSERTING AND :NEW.PK_STAVKE_RACUNA IS NULL THEN
      SELECT STAVKE_RACUNA_SEQ.NEXTVAL INTO :NEW.PK_STAVKE_RACUNA FROM SYS.DUAL;
    END IF;
  END COLUMN_SEQUENCES;
END;
/
ALTER TRIGGER "ZOE"."STAVKE_RACUNA_TRG" ENABLE;
--------------------------------------------------------
--  Constraints for Table RACUNI
--------------------------------------------------------

  ALTER TABLE "ZOE"."RACUNI" MODIFY ("RACUNID" NOT NULL ENABLE);
  ALTER TABLE "ZOE"."RACUNI" MODIFY ("DATUM" NOT NULL ENABLE);
  ALTER TABLE "ZOE"."RACUNI" MODIFY ("VREME" NOT NULL ENABLE);
  ALTER TABLE "ZOE"."RACUNI" MODIFY ("JMBG" NOT NULL ENABLE);
  ALTER TABLE "ZOE"."RACUNI" MODIFY ("UKUPNO" NOT NULL ENABLE);
  ALTER TABLE "ZOE"."RACUNI" ADD CONSTRAINT "PK_RACUNID" PRIMARY KEY ("RACUNID")
  USING INDEX PCTFREE 10 INITRANS 2 MAXTRANS 255 COMPUTE STATISTICS 
  STORAGE(INITIAL 65536 NEXT 1048576 MINEXTENTS 1 MAXEXTENTS 2147483645
  PCTINCREASE 0 FREELISTS 1 FREELIST GROUPS 1
  BUFFER_POOL DEFAULT FLASH_CACHE DEFAULT CELL_FLASH_CACHE DEFAULT)
  TABLESPACE "USERS"  ENABLE;
--------------------------------------------------------
--  Constraints for Table KUPCI
--------------------------------------------------------

  ALTER TABLE "ZOE"."KUPCI" MODIFY ("JMBG" NOT NULL ENABLE);
  ALTER TABLE "ZOE"."KUPCI" ADD CONSTRAINT "PK_JMBG" PRIMARY KEY ("JMBG")
  USING INDEX PCTFREE 10 INITRANS 2 MAXTRANS 255 COMPUTE STATISTICS 
  STORAGE(INITIAL 65536 NEXT 1048576 MINEXTENTS 1 MAXEXTENTS 2147483645
  PCTINCREASE 0 FREELISTS 1 FREELIST GROUPS 1
  BUFFER_POOL DEFAULT FLASH_CACHE DEFAULT CELL_FLASH_CACHE DEFAULT)
  TABLESPACE "USERS"  ENABLE;
--------------------------------------------------------
--  Constraints for Table DJANGO_CONTENT_TYPE
--------------------------------------------------------

  ALTER TABLE "ZOE"."DJANGO_CONTENT_TYPE" MODIFY ("ID" NOT NULL ENABLE);
  ALTER TABLE "ZOE"."DJANGO_CONTENT_TYPE" ADD PRIMARY KEY ("ID")
  USING INDEX PCTFREE 10 INITRANS 2 MAXTRANS 255 COMPUTE STATISTICS 
  STORAGE(INITIAL 65536 NEXT 1048576 MINEXTENTS 1 MAXEXTENTS 2147483645
  PCTINCREASE 0 FREELISTS 1 FREELIST GROUPS 1
  BUFFER_POOL DEFAULT FLASH_CACHE DEFAULT CELL_FLASH_CACHE DEFAULT)
  TABLESPACE "USERS"  ENABLE;
  ALTER TABLE "ZOE"."DJANGO_CONTENT_TYPE" ADD CONSTRAINT "DJANGO_CO_APP_LABEL_76BD3D3B_U" UNIQUE ("APP_LABEL", "MODEL")
  USING INDEX PCTFREE 10 INITRANS 2 MAXTRANS 255 COMPUTE STATISTICS 
  STORAGE(INITIAL 65536 NEXT 1048576 MINEXTENTS 1 MAXEXTENTS 2147483645
  PCTINCREASE 0 FREELISTS 1 FREELIST GROUPS 1
  BUFFER_POOL DEFAULT FLASH_CACHE DEFAULT CELL_FLASH_CACHE DEFAULT)
  TABLESPACE "USERS"  ENABLE;
--------------------------------------------------------
--  Constraints for Table ARTIKLI
--------------------------------------------------------

  ALTER TABLE "ZOE"."ARTIKLI" MODIFY ("SIFRA_ARTIKLA" NOT NULL ENABLE);
  ALTER TABLE "ZOE"."ARTIKLI" MODIFY ("NAZIV" NOT NULL ENABLE);
  ALTER TABLE "ZOE"."ARTIKLI" MODIFY ("CENA" NOT NULL ENABLE);
  ALTER TABLE "ZOE"."ARTIKLI" MODIFY ("JEDINICA_MERE" NOT NULL ENABLE);
  ALTER TABLE "ZOE"."ARTIKLI" MODIFY ("ROK_TRAJANJA" NOT NULL ENABLE);
  ALTER TABLE "ZOE"."ARTIKLI" ADD CONSTRAINT "PK_SIFRA_ARTIKLA" PRIMARY KEY ("SIFRA_ARTIKLA")
  USING INDEX PCTFREE 10 INITRANS 2 MAXTRANS 255 COMPUTE STATISTICS 
  STORAGE(INITIAL 65536 NEXT 1048576 MINEXTENTS 1 MAXEXTENTS 2147483645
  PCTINCREASE 0 FREELISTS 1 FREELIST GROUPS 1
  BUFFER_POOL DEFAULT FLASH_CACHE DEFAULT CELL_FLASH_CACHE DEFAULT)
  TABLESPACE "USERS"  ENABLE;
--------------------------------------------------------
--  Constraints for Table AUTH_USER_USER_PERMISSIONS
--------------------------------------------------------

  ALTER TABLE "ZOE"."AUTH_USER_USER_PERMISSIONS" MODIFY ("ID" NOT NULL ENABLE);
  ALTER TABLE "ZOE"."AUTH_USER_USER_PERMISSIONS" MODIFY ("USER_ID" NOT NULL ENABLE);
  ALTER TABLE "ZOE"."AUTH_USER_USER_PERMISSIONS" MODIFY ("PERMISSION_ID" NOT NULL ENABLE);
  ALTER TABLE "ZOE"."AUTH_USER_USER_PERMISSIONS" ADD PRIMARY KEY ("ID")
  USING INDEX PCTFREE 10 INITRANS 2 MAXTRANS 255 COMPUTE STATISTICS 
  TABLESPACE "USERS"  ENABLE;
  ALTER TABLE "ZOE"."AUTH_USER_USER_PERMISSIONS" ADD CONSTRAINT "AUTH_USER_USER_ID_P_14A6B632_U" UNIQUE ("USER_ID", "PERMISSION_ID")
  USING INDEX PCTFREE 10 INITRANS 2 MAXTRANS 255 COMPUTE STATISTICS 
  TABLESPACE "USERS"  ENABLE;
--------------------------------------------------------
--  Constraints for Table DJANGO_ADMIN_LOG
--------------------------------------------------------

  ALTER TABLE "ZOE"."DJANGO_ADMIN_LOG" MODIFY ("ID" NOT NULL ENABLE);
  ALTER TABLE "ZOE"."DJANGO_ADMIN_LOG" MODIFY ("ACTION_TIME" NOT NULL ENABLE);
  ALTER TABLE "ZOE"."DJANGO_ADMIN_LOG" MODIFY ("ACTION_FLAG" NOT NULL ENABLE);
  ALTER TABLE "ZOE"."DJANGO_ADMIN_LOG" MODIFY ("USER_ID" NOT NULL ENABLE);
  ALTER TABLE "ZOE"."DJANGO_ADMIN_LOG" ADD CHECK ("ACTION_FLAG" >= 0) ENABLE;
  ALTER TABLE "ZOE"."DJANGO_ADMIN_LOG" ADD PRIMARY KEY ("ID")
  USING INDEX PCTFREE 10 INITRANS 2 MAXTRANS 255 COMPUTE STATISTICS 
  STORAGE(INITIAL 65536 NEXT 1048576 MINEXTENTS 1 MAXEXTENTS 2147483645
  PCTINCREASE 0 FREELISTS 1 FREELIST GROUPS 1
  BUFFER_POOL DEFAULT FLASH_CACHE DEFAULT CELL_FLASH_CACHE DEFAULT)
  TABLESPACE "USERS"  ENABLE;
--------------------------------------------------------
--  Constraints for Table AUTH_USER_GROUPS
--------------------------------------------------------

  ALTER TABLE "ZOE"."AUTH_USER_GROUPS" MODIFY ("ID" NOT NULL ENABLE);
  ALTER TABLE "ZOE"."AUTH_USER_GROUPS" MODIFY ("USER_ID" NOT NULL ENABLE);
  ALTER TABLE "ZOE"."AUTH_USER_GROUPS" MODIFY ("GROUP_ID" NOT NULL ENABLE);
  ALTER TABLE "ZOE"."AUTH_USER_GROUPS" ADD PRIMARY KEY ("ID")
  USING INDEX PCTFREE 10 INITRANS 2 MAXTRANS 255 COMPUTE STATISTICS 
  TABLESPACE "USERS"  ENABLE;
  ALTER TABLE "ZOE"."AUTH_USER_GROUPS" ADD CONSTRAINT "AUTH_USER_USER_ID_G_94350C0C_U" UNIQUE ("USER_ID", "GROUP_ID")
  USING INDEX PCTFREE 10 INITRANS 2 MAXTRANS 255 COMPUTE STATISTICS 
  TABLESPACE "USERS"  ENABLE;
--------------------------------------------------------
--  Constraints for Table DJANGO_SESSION
--------------------------------------------------------

  ALTER TABLE "ZOE"."DJANGO_SESSION" MODIFY ("SESSION_KEY" NOT NULL ENABLE);
  ALTER TABLE "ZOE"."DJANGO_SESSION" MODIFY ("EXPIRE_DATE" NOT NULL ENABLE);
  ALTER TABLE "ZOE"."DJANGO_SESSION" ADD PRIMARY KEY ("SESSION_KEY")
  USING INDEX PCTFREE 10 INITRANS 2 MAXTRANS 255 COMPUTE STATISTICS 
  STORAGE(INITIAL 65536 NEXT 1048576 MINEXTENTS 1 MAXEXTENTS 2147483645
  PCTINCREASE 0 FREELISTS 1 FREELIST GROUPS 1
  BUFFER_POOL DEFAULT FLASH_CACHE DEFAULT CELL_FLASH_CACHE DEFAULT)
  TABLESPACE "USERS"  ENABLE;
--------------------------------------------------------
--  Constraints for Table DJANGO_MIGRATIONS
--------------------------------------------------------

  ALTER TABLE "ZOE"."DJANGO_MIGRATIONS" MODIFY ("ID" NOT NULL ENABLE);
  ALTER TABLE "ZOE"."DJANGO_MIGRATIONS" MODIFY ("APPLIED" NOT NULL ENABLE);
  ALTER TABLE "ZOE"."DJANGO_MIGRATIONS" ADD PRIMARY KEY ("ID")
  USING INDEX PCTFREE 10 INITRANS 2 MAXTRANS 255 COMPUTE STATISTICS 
  STORAGE(INITIAL 65536 NEXT 1048576 MINEXTENTS 1 MAXEXTENTS 2147483645
  PCTINCREASE 0 FREELISTS 1 FREELIST GROUPS 1
  BUFFER_POOL DEFAULT FLASH_CACHE DEFAULT CELL_FLASH_CACHE DEFAULT)
  TABLESPACE "USERS"  ENABLE;
--------------------------------------------------------
--  Constraints for Table OTPREMNICE
--------------------------------------------------------

  ALTER TABLE "ZOE"."OTPREMNICE" MODIFY ("SIFRA_OTPREMNICE" NOT NULL ENABLE);
  ALTER TABLE "ZOE"."OTPREMNICE" MODIFY ("DATUM_OTPREME" NOT NULL ENABLE);
  ALTER TABLE "ZOE"."OTPREMNICE" MODIFY ("SIFRA_DOBAVLJACA" NOT NULL ENABLE);
  ALTER TABLE "ZOE"."OTPREMNICE" ADD CONSTRAINT "PK_OTPREMNICE" PRIMARY KEY ("SIFRA_OTPREMNICE")
  USING INDEX PCTFREE 10 INITRANS 2 MAXTRANS 255 COMPUTE STATISTICS 
  STORAGE(INITIAL 65536 NEXT 1048576 MINEXTENTS 1 MAXEXTENTS 2147483645
  PCTINCREASE 0 FREELISTS 1 FREELIST GROUPS 1
  BUFFER_POOL DEFAULT FLASH_CACHE DEFAULT CELL_FLASH_CACHE DEFAULT)
  TABLESPACE "USERS"  ENABLE;
--------------------------------------------------------
--  Constraints for Table AUTH_GROUP
--------------------------------------------------------

  ALTER TABLE "ZOE"."AUTH_GROUP" MODIFY ("ID" NOT NULL ENABLE);
  ALTER TABLE "ZOE"."AUTH_GROUP" ADD PRIMARY KEY ("ID")
  USING INDEX PCTFREE 10 INITRANS 2 MAXTRANS 255 COMPUTE STATISTICS 
  TABLESPACE "USERS"  ENABLE;
  ALTER TABLE "ZOE"."AUTH_GROUP" ADD UNIQUE ("NAME")
  USING INDEX PCTFREE 10 INITRANS 2 MAXTRANS 255 COMPUTE STATISTICS 
  TABLESPACE "USERS"  ENABLE;
--------------------------------------------------------
--  Constraints for Table AUTH_GROUP_PERMISSIONS
--------------------------------------------------------

  ALTER TABLE "ZOE"."AUTH_GROUP_PERMISSIONS" MODIFY ("ID" NOT NULL ENABLE);
  ALTER TABLE "ZOE"."AUTH_GROUP_PERMISSIONS" MODIFY ("GROUP_ID" NOT NULL ENABLE);
  ALTER TABLE "ZOE"."AUTH_GROUP_PERMISSIONS" MODIFY ("PERMISSION_ID" NOT NULL ENABLE);
  ALTER TABLE "ZOE"."AUTH_GROUP_PERMISSIONS" ADD PRIMARY KEY ("ID")
  USING INDEX PCTFREE 10 INITRANS 2 MAXTRANS 255 COMPUTE STATISTICS 
  TABLESPACE "USERS"  ENABLE;
  ALTER TABLE "ZOE"."AUTH_GROUP_PERMISSIONS" ADD CONSTRAINT "AUTH_GROU_GROUP_ID__0CD325B0_U" UNIQUE ("GROUP_ID", "PERMISSION_ID")
  USING INDEX PCTFREE 10 INITRANS 2 MAXTRANS 255 COMPUTE STATISTICS 
  TABLESPACE "USERS"  ENABLE;
--------------------------------------------------------
--  Constraints for Table STAVKE_RACUNA
--------------------------------------------------------

  ALTER TABLE "ZOE"."STAVKE_RACUNA" MODIFY ("KOLICINA" NOT NULL ENABLE);
  ALTER TABLE "ZOE"."STAVKE_RACUNA" MODIFY ("SIFRA_ARTIKLA" NOT NULL ENABLE);
  ALTER TABLE "ZOE"."STAVKE_RACUNA" MODIFY ("RACUNID" NOT NULL ENABLE);
  ALTER TABLE "ZOE"."STAVKE_RACUNA" MODIFY ("PK_STAVKE_RACUNA" NOT NULL ENABLE);
  ALTER TABLE "ZOE"."STAVKE_RACUNA" ADD CONSTRAINT "STAVKE_RACUNA_PK" PRIMARY KEY ("PK_STAVKE_RACUNA")
  USING INDEX PCTFREE 10 INITRANS 2 MAXTRANS 255 COMPUTE STATISTICS 
  STORAGE(INITIAL 65536 NEXT 1048576 MINEXTENTS 1 MAXEXTENTS 2147483645
  PCTINCREASE 0 FREELISTS 1 FREELIST GROUPS 1
  BUFFER_POOL DEFAULT FLASH_CACHE DEFAULT CELL_FLASH_CACHE DEFAULT)
  TABLESPACE "USERS"  ENABLE;
--------------------------------------------------------
--  Constraints for Table AUTH_PERMISSION
--------------------------------------------------------

  ALTER TABLE "ZOE"."AUTH_PERMISSION" MODIFY ("ID" NOT NULL ENABLE);
  ALTER TABLE "ZOE"."AUTH_PERMISSION" MODIFY ("CONTENT_TYPE_ID" NOT NULL ENABLE);
  ALTER TABLE "ZOE"."AUTH_PERMISSION" ADD PRIMARY KEY ("ID")
  USING INDEX PCTFREE 10 INITRANS 2 MAXTRANS 255 COMPUTE STATISTICS 
  STORAGE(INITIAL 65536 NEXT 1048576 MINEXTENTS 1 MAXEXTENTS 2147483645
  PCTINCREASE 0 FREELISTS 1 FREELIST GROUPS 1
  BUFFER_POOL DEFAULT FLASH_CACHE DEFAULT CELL_FLASH_CACHE DEFAULT)
  TABLESPACE "USERS"  ENABLE;
  ALTER TABLE "ZOE"."AUTH_PERMISSION" ADD CONSTRAINT "AUTH_PERM_CONTENT_T_01AB375A_U" UNIQUE ("CONTENT_TYPE_ID", "CODENAME")
  USING INDEX PCTFREE 10 INITRANS 2 MAXTRANS 255 COMPUTE STATISTICS 
  STORAGE(INITIAL 65536 NEXT 1048576 MINEXTENTS 1 MAXEXTENTS 2147483645
  PCTINCREASE 0 FREELISTS 1 FREELIST GROUPS 1
  BUFFER_POOL DEFAULT FLASH_CACHE DEFAULT CELL_FLASH_CACHE DEFAULT)
  TABLESPACE "USERS"  ENABLE;
--------------------------------------------------------
--  Constraints for Table DOBAVLJACI
--------------------------------------------------------

  ALTER TABLE "ZOE"."DOBAVLJACI" MODIFY ("SIFRA_DOBAVLJACA" NOT NULL ENABLE);
  ALTER TABLE "ZOE"."DOBAVLJACI" MODIFY ("NAZIV" NOT NULL ENABLE);
  ALTER TABLE "ZOE"."DOBAVLJACI" ADD CONSTRAINT "PK_SIFRA_DOBAVLJACA" PRIMARY KEY ("SIFRA_DOBAVLJACA")
  USING INDEX PCTFREE 10 INITRANS 2 MAXTRANS 255 COMPUTE STATISTICS 
  STORAGE(INITIAL 65536 NEXT 1048576 MINEXTENTS 1 MAXEXTENTS 2147483645
  PCTINCREASE 0 FREELISTS 1 FREELIST GROUPS 1
  BUFFER_POOL DEFAULT FLASH_CACHE DEFAULT CELL_FLASH_CACHE DEFAULT)
  TABLESPACE "USERS"  ENABLE;
--------------------------------------------------------
--  Constraints for Table EVIDENCIJE_PRIJEMA
--------------------------------------------------------

  ALTER TABLE "ZOE"."EVIDENCIJE_PRIJEMA" MODIFY ("KOLICINA" NOT NULL ENABLE);
  ALTER TABLE "ZOE"."EVIDENCIJE_PRIJEMA" MODIFY ("SIFRA_ARTIKLA" NOT NULL ENABLE);
  ALTER TABLE "ZOE"."EVIDENCIJE_PRIJEMA" MODIFY ("PIB" NOT NULL ENABLE);
  ALTER TABLE "ZOE"."EVIDENCIJE_PRIJEMA" MODIFY ("SIFRA_OTPREMNICE" NOT NULL ENABLE);
  ALTER TABLE "ZOE"."EVIDENCIJE_PRIJEMA" MODIFY ("PK_EVIDENCIJE_PRIJEMA" NOT NULL ENABLE);
  ALTER TABLE "ZOE"."EVIDENCIJE_PRIJEMA" MODIFY ("NAZIV_OBJEKTA" NOT NULL ENABLE);
  ALTER TABLE "ZOE"."EVIDENCIJE_PRIJEMA" ADD CONSTRAINT "EVIDENCIJE_PRIJEMA_PK" PRIMARY KEY ("PK_EVIDENCIJE_PRIJEMA")
  USING INDEX PCTFREE 10 INITRANS 2 MAXTRANS 255 COMPUTE STATISTICS 
  STORAGE(INITIAL 65536 NEXT 1048576 MINEXTENTS 1 MAXEXTENTS 2147483645
  PCTINCREASE 0 FREELISTS 1 FREELIST GROUPS 1
  BUFFER_POOL DEFAULT FLASH_CACHE DEFAULT CELL_FLASH_CACHE DEFAULT)
  TABLESPACE "USERS"  ENABLE;
--------------------------------------------------------
--  Constraints for Table OBJEKTI
--------------------------------------------------------

  ALTER TABLE "ZOE"."OBJEKTI" MODIFY ("PIB" NOT NULL ENABLE);
  ALTER TABLE "ZOE"."OBJEKTI" MODIFY ("NAZIV" NOT NULL ENABLE);
  ALTER TABLE "ZOE"."OBJEKTI" MODIFY ("ADRESA" NOT NULL ENABLE);
  ALTER TABLE "ZOE"."OBJEKTI" MODIFY ("GRAD" NOT NULL ENABLE);
  ALTER TABLE "ZOE"."OBJEKTI" ADD CONSTRAINT "PK_PIB" PRIMARY KEY ("PIB")
  USING INDEX PCTFREE 10 INITRANS 2 MAXTRANS 255 COMPUTE STATISTICS 
  STORAGE(INITIAL 65536 NEXT 1048576 MINEXTENTS 1 MAXEXTENTS 2147483645
  PCTINCREASE 0 FREELISTS 1 FREELIST GROUPS 1
  BUFFER_POOL DEFAULT FLASH_CACHE DEFAULT CELL_FLASH_CACHE DEFAULT)
  TABLESPACE "USERS"  ENABLE;
--------------------------------------------------------
--  Constraints for Table AUTH_USER
--------------------------------------------------------

  ALTER TABLE "ZOE"."AUTH_USER" MODIFY ("ID" NOT NULL ENABLE);
  ALTER TABLE "ZOE"."AUTH_USER" MODIFY ("IS_SUPERUSER" NOT NULL ENABLE);
  ALTER TABLE "ZOE"."AUTH_USER" MODIFY ("IS_STAFF" NOT NULL ENABLE);
  ALTER TABLE "ZOE"."AUTH_USER" MODIFY ("IS_ACTIVE" NOT NULL ENABLE);
  ALTER TABLE "ZOE"."AUTH_USER" MODIFY ("DATE_JOINED" NOT NULL ENABLE);
  ALTER TABLE "ZOE"."AUTH_USER" ADD CHECK ("IS_SUPERUSER" IN (0,1)) ENABLE;
  ALTER TABLE "ZOE"."AUTH_USER" ADD CHECK ("IS_STAFF" IN (0,1)) ENABLE;
  ALTER TABLE "ZOE"."AUTH_USER" ADD CHECK ("IS_ACTIVE" IN (0,1)) ENABLE;
  ALTER TABLE "ZOE"."AUTH_USER" ADD PRIMARY KEY ("ID")
  USING INDEX PCTFREE 10 INITRANS 2 MAXTRANS 255 COMPUTE STATISTICS 
  STORAGE(INITIAL 65536 NEXT 1048576 MINEXTENTS 1 MAXEXTENTS 2147483645
  PCTINCREASE 0 FREELISTS 1 FREELIST GROUPS 1
  BUFFER_POOL DEFAULT FLASH_CACHE DEFAULT CELL_FLASH_CACHE DEFAULT)
  TABLESPACE "USERS"  ENABLE;
  ALTER TABLE "ZOE"."AUTH_USER" ADD UNIQUE ("USERNAME")
  USING INDEX PCTFREE 10 INITRANS 2 MAXTRANS 255 COMPUTE STATISTICS 
  STORAGE(INITIAL 65536 NEXT 1048576 MINEXTENTS 1 MAXEXTENTS 2147483645
  PCTINCREASE 0 FREELISTS 1 FREELIST GROUPS 1
  BUFFER_POOL DEFAULT FLASH_CACHE DEFAULT CELL_FLASH_CACHE DEFAULT)
  TABLESPACE "USERS"  ENABLE;
--------------------------------------------------------
--  Ref Constraints for Table AUTH_GROUP_PERMISSIONS
--------------------------------------------------------

  ALTER TABLE "ZOE"."AUTH_GROUP_PERMISSIONS" ADD CONSTRAINT "AUTH_GROU_GROUP_ID_B120CBF9_F" FOREIGN KEY ("GROUP_ID")
	  REFERENCES "ZOE"."AUTH_GROUP" ("ID") DEFERRABLE INITIALLY DEFERRED ENABLE;
  ALTER TABLE "ZOE"."AUTH_GROUP_PERMISSIONS" ADD CONSTRAINT "AUTH_GROU_PERMISSIO_84C5C92E_F" FOREIGN KEY ("PERMISSION_ID")
	  REFERENCES "ZOE"."AUTH_PERMISSION" ("ID") DEFERRABLE INITIALLY DEFERRED ENABLE;
--------------------------------------------------------
--  Ref Constraints for Table AUTH_PERMISSION
--------------------------------------------------------

  ALTER TABLE "ZOE"."AUTH_PERMISSION" ADD CONSTRAINT "AUTH_PERM_CONTENT_T_2F476E4B_F" FOREIGN KEY ("CONTENT_TYPE_ID")
	  REFERENCES "ZOE"."DJANGO_CONTENT_TYPE" ("ID") DEFERRABLE INITIALLY DEFERRED ENABLE;
--------------------------------------------------------
--  Ref Constraints for Table AUTH_USER_GROUPS
--------------------------------------------------------

  ALTER TABLE "ZOE"."AUTH_USER_GROUPS" ADD CONSTRAINT "AUTH_USER_USER_ID_6A12ED8B_F" FOREIGN KEY ("USER_ID")
	  REFERENCES "ZOE"."AUTH_USER" ("ID") DEFERRABLE INITIALLY DEFERRED ENABLE;
  ALTER TABLE "ZOE"."AUTH_USER_GROUPS" ADD CONSTRAINT "AUTH_USER_GROUP_ID_97559544_F" FOREIGN KEY ("GROUP_ID")
	  REFERENCES "ZOE"."AUTH_GROUP" ("ID") DEFERRABLE INITIALLY DEFERRED ENABLE;
--------------------------------------------------------
--  Ref Constraints for Table AUTH_USER_USER_PERMISSIONS
--------------------------------------------------------

  ALTER TABLE "ZOE"."AUTH_USER_USER_PERMISSIONS" ADD CONSTRAINT "AUTH_USER_USER_ID_A95EAD1B_F" FOREIGN KEY ("USER_ID")
	  REFERENCES "ZOE"."AUTH_USER" ("ID") DEFERRABLE INITIALLY DEFERRED ENABLE;
  ALTER TABLE "ZOE"."AUTH_USER_USER_PERMISSIONS" ADD CONSTRAINT "AUTH_USER_PERMISSIO_1FBB5F2C_F" FOREIGN KEY ("PERMISSION_ID")
	  REFERENCES "ZOE"."AUTH_PERMISSION" ("ID") DEFERRABLE INITIALLY DEFERRED ENABLE;
--------------------------------------------------------
--  Ref Constraints for Table DJANGO_ADMIN_LOG
--------------------------------------------------------

  ALTER TABLE "ZOE"."DJANGO_ADMIN_LOG" ADD CONSTRAINT "DJANGO_AD_CONTENT_T_C4BCE8EB_F" FOREIGN KEY ("CONTENT_TYPE_ID")
	  REFERENCES "ZOE"."DJANGO_CONTENT_TYPE" ("ID") DEFERRABLE INITIALLY DEFERRED ENABLE;
  ALTER TABLE "ZOE"."DJANGO_ADMIN_LOG" ADD CONSTRAINT "DJANGO_AD_USER_ID_C564EBA6_F" FOREIGN KEY ("USER_ID")
	  REFERENCES "ZOE"."AUTH_USER" ("ID") DEFERRABLE INITIALLY DEFERRED ENABLE;
--------------------------------------------------------
--  Ref Constraints for Table EVIDENCIJE_PRIJEMA
--------------------------------------------------------

  ALTER TABLE "ZOE"."EVIDENCIJE_PRIJEMA" ADD CONSTRAINT "FK1_SIF_ARTIKLA" FOREIGN KEY ("SIFRA_ARTIKLA")
	  REFERENCES "ZOE"."ARTIKLI" ("SIFRA_ARTIKLA") ENABLE;
  ALTER TABLE "ZOE"."EVIDENCIJE_PRIJEMA" ADD CONSTRAINT "FK2_PIB" FOREIGN KEY ("PIB")
	  REFERENCES "ZOE"."OBJEKTI" ("PIB") ENABLE;
  ALTER TABLE "ZOE"."EVIDENCIJE_PRIJEMA" ADD CONSTRAINT "FK3_SIFRA_OTPREMNICE" FOREIGN KEY ("SIFRA_OTPREMNICE")
	  REFERENCES "ZOE"."OTPREMNICE" ("SIFRA_OTPREMNICE") ENABLE;
--------------------------------------------------------
--  Ref Constraints for Table OTPREMNICE
--------------------------------------------------------

  ALTER TABLE "ZOE"."OTPREMNICE" ADD CONSTRAINT "FK_SIFRA_DOBAVLJACA" FOREIGN KEY ("SIFRA_DOBAVLJACA")
	  REFERENCES "ZOE"."DOBAVLJACI" ("SIFRA_DOBAVLJACA") ENABLE;
--------------------------------------------------------
--  Ref Constraints for Table RACUNI
--------------------------------------------------------

  ALTER TABLE "ZOE"."RACUNI" ADD CONSTRAINT "FK_JMBG" FOREIGN KEY ("JMBG")
	  REFERENCES "ZOE"."KUPCI" ("JMBG") ENABLE;
--------------------------------------------------------
--  Ref Constraints for Table STAVKE_RACUNA
--------------------------------------------------------

  ALTER TABLE "ZOE"."STAVKE_RACUNA" ADD CONSTRAINT "FK1_SIFRA_ARTIKLA" FOREIGN KEY ("SIFRA_ARTIKLA")
	  REFERENCES "ZOE"."ARTIKLI" ("SIFRA_ARTIKLA") ENABLE;
  ALTER TABLE "ZOE"."STAVKE_RACUNA" ADD CONSTRAINT "FK2_RACUNID" FOREIGN KEY ("RACUNID")
	  REFERENCES "ZOE"."RACUNI" ("RACUNID") ENABLE;
